id,domain,status,purchase_price,renewal_price,attractiveness,demand,length,registrar,created_at,expires_at,status_verified_at
8c72a3b6-8389-4e44-9cd6-ff970e8fe65e,losers.actor,available,10.92,36.6,medium,low,6,dynadot,,,28/09/2026 04:59
44ca96a2-cd78-42e4-9e25-3e5cac8e3a2e,enroll.actor,available,16,,high,low,6,unstoppable,,,30/09/2026 18:26
b777b7c6-2a3b-495c-bd86-0fbaf0b553b8,walters.actor,available,16.99,44.49,medium,low,7,namesilo,,,25/09/2026 15:56
b2933a69-4565-42b0-9dad-b0d3a0002622,remarked.actor,available,8.48,35.39,medium,low,8,spaceship,,,02/10/2026 17:46
a869e2e9-bc52-4418-8a0a-102461ac2708,cathedra.actor,available,16.99,44.49,medium,low,8,namesilo,,,23/09/2026 21:50
e5ddbe23-6461-453a-bece-5944619bbfd1,guineas.actor,available,16,,medium,low,7,unstoppable,,,01/10/2026 17:45
4919b269-a8b2-4520-984a-e3a79705a41e,tint.actor,available,34.2,34.2,high,low,4,cloudflare,,,02/10/2026 16:59
e3693c49-cd2b-4855-b677-25dc3460d6fd,pickaback.actor,available,9.48,54.98,medium,low,9,namecheap,,,15/09/2026 19:48
4bf46db7-8d0c-429b-9393-613b05c2aa5a,pleased.actor,available,16.99,44.49,high,low,7,namesilo,,,27/09/2026 04:08
40fb0c0e-2943-4b01-aa81-45a207e7fac8,ungraded.actor,available,9.48,54.98,medium,low,8,namecheap,,,14/08/2026 09:06
2fde0077-8627-4b61-9df3-b44a698cda17,uneven.actor,available,9.48,54.98,high,low,6,namecheap,,,04/09/2026 00:48
76acb479-20f4-4ba5-87f4-28ae25eafcdc,distances.actor,available,16.99,44.49,low,low,9,namesilo,,,30/09/2026 15:36
7b6db4ec-2f7c-4316-8a8e-8794bb13bf90,sensitive.actor,available,8.48,35.39,high,low,9,spaceship,,,27/09/2026 20:05
67a851b8-88f5-4ee8-a72d-d9387a9e1ccf,maiden.actor,available,9.48,54.98,high,low,6,namecheap,,,22/08/2026 05:32
c2763659-de47-4527-9c5d-7ae153945488,bcs.actor,available,16.99,44.49,high,low,3,namesilo,,,29/09/2026 15:15
e0378aea-ccd2-4ba8-9c81-b5c108a989e8,alsop.actor,available,9.48,54.98,medium,low,5,namecheap,,,02/10/2026 20:16
72be24be-dd28-4670-8aaa-a94d2777af68,were.actor,available,10.92,36.6,high,low,4,dynadot,,,30/09/2026 22:32
4e92a1fe-d328-4a5f-9dd2-e833ec0d757e,earthquake.actor,available,16.99,44.49,high,low,10,namesilo,,,27/09/2026 13:14
9d2d7573-a5dc-4383-b9f6-28663500f60f,floccose.actor,available,9.48,54.98,medium,low,8,namecheap,,,18/08/2026 08:36
83121716-c1cd-4937-a25a-9dbc6581b3ad,medially.actor,available,9.48,54.98,medium,low,8,namecheap,,,15/09/2026 13:54
61a8ea0b-e4f2-4b07-9ae3-101399e310c8,barrister.actor,available,16.99,44.49,high,low,9,namesilo,,,22/09/2026 08:39
3a858529-ab69-40d5-8d6a-78efe8cbd899,parochial.actor,available,9.48,54.98,medium,low,9,namecheap,,,08/09/2026 01:46
c5e81201-7b44-4980-8161-71e1dd2f87e7,tornado.actor,available,8.48,35.39,high,low,7,spaceship,,,29/09/2026 11:57
7da9af81-7fee-466f-b480-284ebe0aaa63,ungodly.actor,available,9.48,54.98,medium,low,7,namecheap,,,22/08/2026 05:29
2d809bdd-b13d-4242-89ed-7c79aec692c3,thankful.actor,available,16.99,44.49,high,low,8,namesilo,,,24/09/2026 22:54
afaeeca0-0983-4c1a-aae3-d1ef77b4e158,geology.actor,available,10.92,36.6,high,low,7,dynadot,,,29/09/2026 07:05
ebb1cd76-39bb-4a61-8f9a-4eb4d7cd8ee8,bicycling.actor,available,16.99,44.49,high,low,9,namesilo,,,23/09/2026 13:28
565c44f6-7c47-4ebc-a201-90f511f5feb1,improve.actor,available,9.48,54.98,high,low,7,namecheap,,,30/09/2026 15:00
115c611a-a8ca-41cc-93cf-bdddae7cae54,prelate.actor,available,16.99,44.49,medium,low,7,namesilo,,,20/09/2026 02:36
93d99360-dc6c-4612-b6d8-8ecc21efc996,slopped.actor,available,9.48,54.98,low,low,7,namecheap,,,09/08/2026 15:45
c8200459-c65d-421c-822f-65013a1f7a00,inquiries.actor,available,16,,medium,low,9,unstoppable,,,30/09/2026 06:48
9096ef1a-9968-4338-a573-3c0529c5178a,scratches.actor,available,11.98,54.98,medium,low,9,namecheap,,,
589bf0d2-9180-46dc-a047-95c65dca2589,thereby.actor,available,9.48,54.98,medium,low,7,namecheap,,,16/09/2026 08:39
5c3d6a48-ce4f-4a39-ae81-08420637f78d,blocker.actor,available,8.48,35.39,medium,low,7,spaceship,,,02/10/2026 23:36
d392cdcb-a0fe-4651-8127-36fd08c77bee,tijuana.actor,available,16,,medium,low,7,unstoppable,,,29/09/2026 02:18
359a1615-d45d-434f-b52b-8ea3c8bc5929,populate.actor,available,9.48,54.98,high,low,8,namecheap,,,24/08/2026 07:48
b4b30dd3-98bc-45eb-90b3-6bf5a710deef,blacking.actor,available,16.99,44.49,medium,low,8,namesilo,,,24/09/2026 02:49
e828f38c-c300-4ace-9279-56da6e2ae098,starchy.actor,available,9.48,54.98,medium,low,7,namecheap,,,11/08/2026 07:29
ff589dfc-bb24-44ac-9ec8-fbb40cabf8af,associates.actor,premium,118.8,118.8,medium,low,10,namesilo,,,28/09/2026 08:50
fdc2e292-a1a9-458a-b776-cac76b6f06d1,amply.actor,available,9.48,54.98,medium,low,5,namecheap,,,13/09/2026 19:37
d1a99217-e4fd-4851-aabb-a11c48b1307c,aucuba.actor,available,16.99,44.49,medium,low,6,namesilo,,,21/09/2026 02:47
5f44f117-a86f-4756-ace0-88bfb702b773,mystified.actor,available,9.48,54.98,medium,low,9,namecheap,,,24/08/2026 21:32
f62afb81-70c7-4ca8-9a63-54d1a87dfe5e,issued.actor,available,16.99,44.49,low,low,6,namesilo,,,28/09/2026 08:22
01cc4e60-ac0f-4724-b0fd-a14979c06a59,mug.actor,available,16.99,44.49,high,low,3,namesilo,,,24/09/2026 14:58
07482895-af43-460d-92ab-b409dba402bd,gingerly.actor,available,9.48,54.98,medium,low,8,namecheap,,,18/08/2026 23:55
870aaca5-a0f2-4bbe-a110-4df75b2dcf6a,global.actor,resell,,,high,medium,6,"Global Domains International, Inc. DBA DomainCostClub.com",09/02/2026 15:15,09/02/2027 15:15,26/09/2026 06:24
50ea4ac4-69ed-48d6-9ede-b67dc8abb561,ncs.actor,available,8.48,35.39,high,low,3,spaceship,,,02/10/2026 20:53
d9b09d81-212e-42c6-9ce0-eac36ff18768,pamplona.actor,available,16,,high,low,8,unstoppable,,,02/10/2026 19:18
85a23c6d-b778-4cf9-a02b-424a9d14b7d5,com.actor,resell,,,high,high,3,,,,02/10/2026 07:01
209e54b8-86d8-45e8-ac4d-200248867d4d,dispenser.actor,available,16.99,44.49,high,low,9,namesilo,,,24/09/2026 22:56
24a3c4ca-98cf-491a-a0a8-19170a7ac769,held.actor,available,9.48,54.98,high,low,4,namecheap,,,21/08/2026 06:19
2a5405d5-8a49-4a37-af06-952adbb1f28a,bessarabia.actor,available,8.48,35.39,medium,low,10,spaceship,,,30/09/2026 21:27
84928d12-31f3-4158-a2d2-ac0e3a9c950a,spinning.actor,available,16.99,44.49,high,low,8,namesilo,,,27/09/2026 05:29
57118d09-6688-42ce-8f7b-8d1ad3353582,amigo.actor,available,9.48,54.98,high,low,5,namecheap,,,18/09/2026 21:37
ebd45055-8344-44af-af99-c80d7787a593,houghton.actor,available,16.99,44.49,medium,low,8,namesilo,,,25/09/2026 23:07
a4018cc1-6a7c-4a44-807b-c20f18ff84fa,commodious.actor,available,9.48,54.98,medium,low,10,namecheap,,,12/08/2026 19:10
20d3f8a9-5898-42f4-b2e5-80fdffa8cbbe,felony.actor,available,8.48,35.39,high,low,6,spaceship,,,28/09/2026 09:45
f3d22c71-4551-4135-9576-9e5608e40017,brief.actor,available,16.99,44.49,high,low,5,namesilo,,,21/09/2026 13:42
bf47b5e5-350e-45fe-9779-669f8f724038,bribe.actor,available,16.99,44.49,medium,low,5,namesilo,,,28/09/2026 09:12
1f3a6ea2-0c83-4cb8-ad4e-bde34f33274b,favorable.actor,available,16.99,44.49,high,low,9,namesilo,,,24/09/2026 17:21
403651aa-ebe0-45c3-8a12-b87ec4e0acfd,auger.actor,available,9.48,54.98,medium,low,5,namecheap,,,21/09/2026 03:19
3d11b028-a0f9-47ce-8bbd-a7d7bbc5986d,leavitt.actor,available,34.2,34.2,medium,low,7,cloudflare,,,29/09/2026 04:25
e6694fe3-3cef-4821-a62f-14eefc3d0255,bighearted.actor,available,9.48,54.98,high,low,10,namecheap,,,09/08/2026 20:48
e3db97fb-5256-4fa8-8844-6668ccb2b9bc,diocletian.actor,available,16,,medium,low,10,unstoppable,,,30/09/2026 16:59
2478b5b7-9e4a-4bab-9f84-a18dcf137ee9,abrocome.actor,available,19.99,58.99,medium,low,8,name.com,,,16/09/2026 17:14
6f57147a-54e5-46c6-8d67-5a6da9419e43,arranger.actor,available,16.99,44.49,medium,low,8,namesilo,,,17/09/2026 06:29
c57f42e2-e84a-4913-89e1-d033e737791b,tractile.actor,available,9.48,54.98,medium,low,8,namecheap,,,11/09/2026 18:39
35fd6b5f-fbec-4355-82d9-3ac16f3b79e1,posing.actor,available,9.48,54.98,high,low,6,namecheap,,,10/09/2026 08:59
e09f89a8-5584-4c54-b303-80ab02ccdaf2,swipe.actor,available,16,,high,low,5,unstoppable,,,02/10/2026 14:31
c0d69aed-1af0-4070-9305-9de62344f35b,amazement.actor,available,9.48,54.98,high,low,9,namecheap,,,18/09/2026 16:18
be444bd8-8dc1-4ce5-9f6f-0dd410984cc8,espn.actor,available,34.2,34.2,high,low,4,cloudflare,,,28/09/2026 08:02
18f54505-351a-4515-80a3-125ea0ce457a,novgorod.actor,available,16.99,44.49,medium,low,8,namesilo,,,28/09/2026 10:35
9511c1d6-fc37-47d1-9476-dc97612f6b00,skyward.actor,available,9.48,54.98,high,low,7,namecheap,,,21/08/2026 05:26
192bcb8c-4dbd-4ee5-8f3c-e2fc9aed39d0,debut.actor,premium,128.7,128.7,high,low,5,namecheap,,,24/09/2026 21:09
33168df9-af43-4194-a07c-44f2101da56e,ambages.actor,available,16.99,44.49,medium,low,7,namesilo,,,18/09/2026 16:24
77e4b8b8-8532-4fd5-82b8-5b404e1ffdda,pity.actor,available,9.48,54.98,high,low,4,namecheap,,,23/09/2026 16:56
699b69ce-54a3-4389-81d6-6c51ba77f61e,particular.actor,available,9.48,54.98,high,low,10,namecheap,,,24/09/2026 18:23
fcefec44-d8b0-4e46-9169-440fb762670c,apostles.actor,available,34.2,34.2,medium,low,8,cloudflare,,,01/10/2026 15:28
6241f586-c867-47c0-b5c5-5eeefe83626a,fuentes.actor,available,16,,medium,low,7,unstoppable,,,29/09/2026 11:52
e24d4916-2087-46a5-9a25-df8bf087cd4e,embossed.actor,available,9.48,54.98,high,low,8,namecheap,,,11/08/2026 05:17
71dfefcf-778e-45e1-ae4b-8ab8f24e476c,struck.actor,available,9.48,54.98,medium,low,6,namecheap,,,10/09/2026 11:50
cd618ab4-7208-4b4c-ae0e-797be18144e3,anzio.actor,available,16.99,44.49,medium,low,5,namesilo,,,19/09/2026 16:01
4dead522-a226-4092-9a13-e2ed43aa2be8,bandana.actor,available,16.99,44.49,high,low,7,namesilo,,,22/09/2026 00:59
c135f4e1-0732-4ba0-add1-8a76c3610a01,treaty.actor,available,9.48,54.98,high,low,6,namecheap,,,28/09/2026 10:39
a5b56e78-544d-4a4b-a05e-20870d03eaae,fourfold.actor,available,9.48,54.98,high,low,8,namecheap,,,18/08/2026 13:28
48cb4517-fc74-47ad-a9f5-5a0212e16e1a,microbic.actor,available,9.48,54.98,medium,low,8,namecheap,,,24/08/2026 22:21
5458f7c1-df78-4971-8eb1-dc97621f1d8c,intro.actor,available,16.99,44.49,high,low,5,namesilo,,,30/09/2026 00:18
f014b4e5-9b20-4d06-bb6d-84e0682d5d07,sarah.actor,premium,35.4,35.4,high,low,5,namesilo,,,25/09/2026 10:34
2d744a9c-cceb-4147-998f-ed76d9aa7ea6,ajax.actor,available,9.48,54.98,high,low,4,namecheap,,,17/09/2026 23:41
72b400ed-5342-4deb-b715-bf630fe499bc,msc.actor,available,9.48,54.98,high,low,3,namecheap,,,27/09/2026 04:42
3098fef0-5dd8-4c28-b1e5-a74333aaab5e,catcher.actor,available,16.99,44.49,high,low,7,namesilo,,,21/09/2026 16:05
13adc91c-ba70-4c92-b1f1-5d90ca616c4b,gravely.actor,available,9.48,54.98,medium,low,7,namecheap,,,13/09/2026 23:09
53a233a7-8037-419c-97d9-384714e46c0b,macaulay.actor,available,8.48,35.39,medium,low,8,spaceship,,,28/09/2026 14:12
c7dafa37-10a5-413c-9883-9e6c67e1bc40,cushy.actor,available,9.48,54.98,high,low,5,namecheap,,,13/08/2026 11:58
84d7049f-a062-4dc5-9818-8349f19f0f95,parkersburg.actor,available,16.99,44.49,medium,low,11,namesilo,,,02/10/2026 00:08
dcf536fc-66ff-4a65-b8bf-3a90481b2d52,sergius.actor,available,9.48,54.98,medium,low,7,namecheap,,,02/10/2026 00:10
ff2c9231-8931-4a81-bee2-692c54a6aabd,ariocarpus.actor,available,16.99,44.49,medium,low,10,namesilo,,,20/09/2026 05:32
fe1f97af-ea8d-413c-8285-cdab23e93141,sha.actor,available,16.99,44.49,high,low,3,namesilo,,,30/09/2026 12:20
cca8060c-88fc-46c3-b49f-aa6e82e149de,assassins.actor,available,8.48,35.39,low,low,9,spaceship,,,30/09/2026 07:00
d06ef1f3-4268-4aa7-a5a4-3b0067efdbd9,prostate.actor,available,9.48,54.98,high,low,8,namecheap,,,09/09/2026 03:47
0236c1a8-0a87-4ecb-8aca-0795096038b2,alvarado.actor,available,8.48,35.39,medium,low,8,spaceship,,,28/09/2026 16:06
bd8cc69e-8605-4ee7-a238-93ba620083a2,orgy.actor,available,16.99,44.49,medium,low,4,namesilo,,,23/09/2026 17:17
b10db052-f28d-488b-9aaa-1dfad6bb6040,tragedies.actor,available,34.2,34.2,medium,low,9,cloudflare,,,02/10/2026 03:44
d5f0a2b1-e134-4d27-bb8f-82a6a5259321,coa.actor,available,16.99,44.49,high,low,3,namesilo,,,29/09/2026 14:33
e215c81d-fd36-40a4-a05e-7f6759a98bb9,alumna.actor,available,9.48,54.98,high,low,6,namecheap,,,20/08/2026 17:44
6108270b-d0f8-487c-9b69-9d9da3b9a712,later.actor,available,9.48,54.98,high,low,5,namecheap,,,21/09/2026 22:11
b311d225-2d77-4140-9ccf-f6d2c4c38678,wisdom.actor,available,16.99,44.49,high,medium,6,namesilo,,,30/09/2026 10:34
8589e414-97e8-417e-b17c-316ec8ce9734,jonny.actor,available,34.2,34.2,high,low,5,cloudflare,,,01/10/2026 23:09
101bf697-936b-4010-9c08-f56490c7f481,eclectic.actor,available,9.48,54.98,high,low,8,namecheap,,,14/08/2026 23:43
0cad1fc7-93e8-4201-b0d0-5af237b35d07,profits.actor,available,8.48,35.39,high,low,7,spaceship,,,28/09/2026 05:34
22b51839-ffb9-445b-ad69-fbe27e62d41a,salted.actor,available,9.48,54.98,high,low,6,namecheap,,,11/08/2026 04:21
97536576-0174-4bab-bb46-ef06fc043330,maxilla.actor,available,9.48,54.98,medium,low,7,namecheap,,,24/08/2026 17:52
043d6fb6-2f21-41f3-8677-2405b0efbb3d,gamers.actor,available,16.99,44.49,high,low,6,namesilo,,,20/09/2026 23:00
49680889-b904-404e-89a2-c7bff3f300c9,estimate.actor,available,16.99,44.49,high,low,8,namesilo,,,28/09/2026 21:56
f1c9dacb-d80f-492b-8b99-e5c8cccbbed4,lifted.actor,available,9.48,54.98,high,low,6,namecheap,,,23/08/2026 02:39
a2b38e09-85ca-4bf5-96e7-428af4d19e85,mclain.actor,available,34.2,34.2,medium,low,6,cloudflare,,,02/10/2026 20:58
16c7857c-4763-49b1-b4d7-8deb82b409e6,usf.actor,available,16.99,44.49,medium,low,3,namesilo,,,01/10/2026 23:53
21fac315-a4d9-4609-a5ea-850f70a213aa,sporadic.actor,available,9.48,54.98,medium,low,8,namecheap,,,10/09/2026 16:29
8e234386-222f-4b64-90b3-e0c6edbf70b1,misfortune.actor,available,16.99,44.49,medium,low,10,namesilo,,,21/09/2026 16:43
233229fd-819e-451c-83c8-c818c18c0f7b,smokeless.actor,available,9.48,54.98,high,low,9,namecheap,,,10/09/2026 11:57
198ab2d1-108a-4c17-9c81-538566668b5f,upfront.actor,available,9.48,54.98,high,low,7,namecheap,,,12/09/2026 23:09
87fb8d42-d574-488a-9070-3a54090649cd,ith.actor,available,16.99,44.49,medium,low,3,namesilo,,,02/10/2026 17:36
e80660ac-bccd-4659-ad8a-cfe8d4e4cbf7,nizam.actor,available,34.2,34.2,high,low,5,cloudflare,,,01/10/2026 06:54
3be5b6fb-ad58-464a-9a3b-54f239add3ba,strands.actor,available,10.92,36.6,medium,low,7,dynadot,,,02/10/2026 11:37
9c195096-9b25-4223-8403-8f7c0e2c2f2f,karachi.actor,available,19.99,75.99,high,low,7,godaddy,,,28/09/2026 02:13
6002f043-04ee-4fe6-af9d-5b3b3f7d3403,clipped.actor,available,9.48,54.98,high,low,7,namecheap,,,12/08/2026 11:16
541299b9-1178-4bfa-9703-7dc53a2b2e3a,ardisia.actor,available,16.99,44.49,medium,low,7,namesilo,,,20/09/2026 03:10
2b646af6-4db5-48fb-92e6-36d7663b44f9,torpedo.actor,available,8.48,35.39,high,low,7,spaceship,,,28/09/2026 05:28
f416f459-6423-4f71-b196-055b90ed6e4d,cosmetics.actor,available,10.92,36.6,high,low,9,dynadot,,,29/09/2026 04:53
621f7a12-4ff2-4fbb-bf67-1a4ba3d9821d,uptill.actor,available,9.48,54.98,low,low,7,namecheap,,,16/09/2026 20:20
83110598-051a-4f54-9e12-8410962f0979,sourish.actor,available,9.48,54.98,medium,low,7,namecheap,,,22/08/2026 23:29
fd77abd4-40f1-4003-9e8b-dc8c344d1cf7,chester.actor,available,10.81,35.53,high,low,7,porkbun,,,28/09/2026 01:40
6f15e707-0a8a-46c0-9304-4f6b6c5264c3,polymer.actor,available,16.99,44.49,high,low,7,namesilo,,,02/10/2026 06:07
94905924-428e-4da3-84e9-f20b2028c775,basso.actor,available,16.99,44.49,high,low,5,namesilo,,,22/09/2026 11:59
912cf8f4-1ca3-4c30-9b66-3d4e3426ff40,predominantly.actor,available,10.81,35.53,medium,low,13,porkbun,,,01/10/2026 05:46
a5f81036-c4a9-4bdb-9753-e75a79885327,neighbour.actor,available,16,,high,low,9,unstoppable,,,30/09/2026 05:34
47ae16d8-dded-49c0-8eb6-65f8a7221d9c,hypaethral.actor,available,9.48,54.98,medium,low,10,namecheap,,,21/08/2026 16:39
3ec559bb-a860-4a38-847b-fef03f2a97bf,dorothea.actor,available,16,,medium,low,8,unstoppable,,,28/09/2026 07:54
81a80cb5-7bcd-4bdf-a286-d7285165a20a,pester.actor,available,16.99,44.49,medium,low,6,namesilo,,,21/09/2026 17:02
96d0bc8e-8637-4ddd-8f20-e77c7666926d,monitoring.actor,available,16.99,44.49,high,low,10,namesilo,,,30/09/2026 05:07
7aa88c17-e81d-4438-91e0-89c34d0b3351,function.actor,available,8.48,35.39,high,low,8,spaceship,,,29/09/2026 20:12
e7f77fc1-4fba-4745-9a77-917beb23842a,asala.actor,available,16.99,44.49,medium,low,5,namesilo,,,16/09/2026 12:33
c2797211-e934-45a4-bec4-c34c3ef41882,concentrating.actor,available,16.99,44.49,low,low,13,namesilo,,,29/09/2026 11:35
4fe145d2-1b37-415b-b07d-13cf8d2ad2c2,mainstay.actor,available,9.48,54.98,high,low,8,namecheap,,,21/09/2026 15:13
092748b2-e4b6-4b79-8a44-7436a868d2af,braces.actor,available,16.99,44.49,high,low,6,namesilo,,,24/09/2026 07:52
12748bc8-fc9f-45c6-a98c-a603f8aed6d9,prolonged.actor,available,9.48,54.98,high,low,9,namecheap,,,14/08/2026 18:34
04dc26ce-9e31-4f9a-a6aa-13cb5ce2c5b6,weasel.actor,available,16.99,44.49,high,low,6,namesilo,,,29/09/2026 08:19
e468d167-e96b-445e-ac07-f0d5896fd43a,canby.actor,available,34.2,34.2,medium,low,5,cloudflare,,,30/09/2026 14:04
4e974f59-81bd-4a45-accf-e6b778d0c8d2,grubby.actor,available,9.48,54.98,medium,low,6,namecheap,,,09/08/2026 09:31
1ae32b44-4024-4fe9-a143-9066dc2eab41,alexander.actor,available,8.48,35.39,high,medium,9,spaceship,,,28/09/2026 20:15
d761ee72-95d8-4d61-a214-390c8e11ec72,sibilant.actor,available,9.48,54.98,medium,low,8,namecheap,,,12/08/2026 23:18
dac6bf65-b18b-4072-866b-5c34507801c7,lucy.actor,available,9.48,54.98,high,low,4,namecheap,,,30/09/2026 03:32
95a43d76-5728-429d-b351-4f325a058c6a,resumes.actor,premium,35.4,35.4,medium,low,7,namesilo,,,02/10/2026 03:34
187218cf-2898-4730-b15a-8b33dd318471,vicky.actor,available,16.99,44.49,medium,low,5,namesilo,,,29/09/2026 03:57
fef78ae4-3004-49a5-a204-2f4943850a70,theory.actor,available,8.48,35.39,high,low,6,spaceship,,,01/10/2026 20:36
4cdc77cf-a505-4035-ac49-c48b7357c293,shields.actor,available,16.99,44.49,medium,low,7,namesilo,,,28/09/2026 08:03
add1b9db-a1dc-45c3-858e-1c1b20d09fec,breathed.actor,available,9.48,54.98,medium,low,8,namecheap,,,11/08/2026 03:16
94756a33-2f1c-4e9c-8ea6-a67f53e44a14,binding.actor,available,9.48,54.98,high,low,7,namecheap,,,22/09/2026 20:51
4a4e3775-33df-44fe-a2a1-5d7885d1951b,foster.actor,available,9.48,54.98,high,low,6,namecheap,,,18/08/2026 13:22
7fccec56-fcaa-431d-8959-810255451cd7,proscribed.actor,available,9.48,54.98,medium,low,10,namecheap,,,18/08/2026 11:01
c4a1e234-28be-48e5-b81a-1a00a50e0a03,allophone.actor,available,16.99,44.49,medium,low,9,namesilo,,,18/09/2026 12:02
578eb27a-8200-4eaa-a5f2-7a870cfd3997,magyar.actor,available,9.48,54.98,high,low,6,namecheap,,,21/08/2026 15:41
1f271e3e-75d6-467d-95af-72802dce84ba,tripp.actor,available,8.48,35.39,high,low,5,spaceship,,,30/09/2026 05:27
8fb4c8b8-3213-481d-8724-c8866fedb265,renew.actor,available,16.99,44.49,high,low,5,namesilo,,,19/09/2026 08:23
f1c712a3-5aba-4536-8971-d6f4471a14b7,haptic.actor,available,9.48,54.98,medium,low,6,namecheap,,,21/08/2026 00:01
790d3f8c-4a5d-49f9-b268-b2a5321afe4c,paused.actor,available,16.99,44.49,medium,low,6,namesilo,,,18/09/2026 02:16
0e9f4203-16a1-4a83-894a-849acc543e94,balm.actor,available,16.99,44.49,high,low,4,namesilo,,,21/09/2026 23:35
a37034af-8381-448d-bce2-e22892ecadf9,cartwright.actor,available,9.48,54.98,medium,low,10,namecheap,,,30/09/2026 01:00
e159341a-3f71-4212-9833-ead070c7f2d4,routines.actor,available,10.92,36.6,medium,low,8,dynadot,,,30/09/2026 15:00
e3d723d6-16fb-4079-bf7c-5dedb5618fac,openness.actor,available,16.99,44.49,high,low,8,namesilo,,,03/10/2026 01:43
85f3a461-727d-4184-aad5-aba6bd34ae5f,mothafucker.actor,available,16.99,44.49,medium,low,11,namesilo,,,02/10/2026 05:20
650d66ea-694b-45b9-a817-44d3bb3edf70,burman.actor,available,16.99,44.49,high,low,6,namesilo,,,01/10/2026 04:44
6702a02d-8fd2-40a1-8b75-80adda8186d4,abilene.actor,available,16.99,44.49,high,low,7,namesilo,,,16/09/2026 15:54
1af6fc03-6c5f-4128-b955-ac1bff6a73eb,licentious.actor,available,9.48,54.98,medium,low,10,namecheap,,,23/08/2026 00:56
07289ed0-fa06-41ff-b50f-034fda641a77,sectioned.actor,available,9.48,54.98,medium,low,9,namecheap,,,10/09/2026 01:20
92e1fef1-86ad-4a41-8489-7a4d053c8e34,tehran.actor,available,16.99,44.49,high,low,6,namesilo,,,25/09/2026 22:03
29205bcd-638d-4d59-a7f7-999e98f4a90a,washout.actor,available,9.48,54.98,medium,low,7,namecheap,,,14/08/2026 20:57
cbf4c599-f70d-4bbf-9593-da97f44832b7,seedcase.actor,available,9.48,54.98,medium,low,8,namecheap,,,12/08/2026 15:07
ee95f70e-92cb-480e-bd1b-2a2b7bed0308,upmost.actor,available,9.48,54.98,medium,low,6,namecheap,,,11/09/2026 17:50
b0b1afb9-d9d5-4b6b-a20a-7e9d8448dbab,dogmatism.actor,available,16.99,44.49,medium,low,9,namesilo,,,23/09/2026 15:23
d0abf52e-1354-44b5-ba8b-468fa2800186,sweet.actor,available,16,35.53,high,low,5,unstoppable,,,03/10/2026 00:31
cb739f64-2655-4f25-a0f5-1429a205f0ba,backless.actor,available,9.48,54.98,medium,low,8,namecheap,,,08/08/2026 05:48
6bf46513-da36-45dd-9554-fe80d540d4ba,sympathize.actor,available,16.99,44.49,high,low,10,namesilo,,,30/09/2026 17:27
1869f374-1d94-4c6e-8231-2a83957f2b51,aramus.actor,available,9.48,54.98,medium,low,6,namecheap,,,19/09/2026 23:57
1aefa6df-d40d-4c12-93b4-79e8e4492c2e,earthy.actor,available,9.48,54.98,high,low,6,namecheap,,,14/08/2026 17:31
6fd63244-b1e8-4412-b35e-f6cc940fb7d7,addict.actor,available,9.48,54.98,high,low,6,namecheap,,,17/09/2026 06:48
a372b1d8-f6b6-4d81-b16b-64d341c36619,keegan.actor,available,8.48,35.39,medium,low,6,spaceship,,,30/09/2026 00:49
ef289b76-ec66-4c7d-9392-7cd07d6854a8,psu.actor,available,16,,high,low,3,unstoppable,,,02/10/2026 07:40
229c1275-ac4b-4b12-bfff-983d82236b21,enamel.actor,available,10.81,35.53,high,low,6,porkbun,,,01/10/2026 19:28
7f0feef4-f36e-4865-abf0-bdf9a13a0fd4,ert.actor,available,8.48,35.39,high,low,3,spaceship,,,02/10/2026 14:55
c8a97267-8b04-44b2-866f-9a3f99f70c0e,crinkly.actor,available,9.48,54.98,medium,low,7,namecheap,,,13/08/2026 06:51
752eb593-58d0-4f9d-8ea1-2ddbb2484e4b,crunch.actor,available,9.48,54.98,high,low,6,namecheap,,,24/09/2026 19:53
2be17395-3f87-4732-8931-9c7717968f41,uboat.actor,available,9.48,54.98,medium,low,6,namecheap,,,11/09/2026 00:23
3b897b5f-8c67-4cf0-8da3-44e249f43ce0,indoors.actor,available,9.48,54.98,high,low,7,namecheap,,,22/08/2026 07:03
8655ad87-6365-4691-9ec0-a2428f0cbde4,moskva.actor,available,9.48,54.98,medium,low,6,namecheap,,,02/10/2026 19:22
c0e3b628-7878-458e-bb17-7f4e755ad6ca,northmost.actor,available,9.48,54.98,medium,low,9,namecheap,,,03/09/2026 21:38
87015754-67f8-42dd-b51c-9d4402d887fb,henrietta.actor,available,16.99,44.49,high,low,9,namesilo,,,25/09/2026 17:42
d9c763f5-36d5-4a61-97ca-448ee1100d20,pigment.actor,available,16.99,44.49,high,low,7,namesilo,,,01/10/2026 21:10
3ee8226c-e6dd-46d2-8603-41529a863027,loan.actor,available,16.99,44.49,high,low,4,namesilo,,,25/09/2026 09:02
5cbdd286-a11e-4a55-9b64-62048057b383,dunk.actor,available,16.99,44.49,high,low,4,namesilo,,,02/10/2026 14:51
9df9e478-61eb-4fde-90f7-eadb65e2b0b0,from.actor,available,9.48,54.98,high,low,4,namecheap,,,08/09/2026 08:57
5b791d80-98fd-4ec1-b5de-b5146bb3a61d,transverse.actor,available,9.48,54.98,high,low,10,namecheap,,,13/08/2026 07:54
8e16b7c1-f106-4c50-9470-58204b52bc79,venice.actor,available,10.92,36.6,high,low,6,dynadot,,,28/09/2026 03:15
7341b793-525c-4edf-9696-b6e77aa19629,pasted.actor,available,9.48,54.98,high,low,6,namecheap,,,20/08/2026 15:14
dd9a88e0-cdbd-4e1f-b0e6-4c1c6cf61790,okhotsk.actor,available,16.99,44.49,medium,low,7,namesilo,,,03/10/2026 04:30
277730bc-74a6-4af5-89f5-ea4cad8d6cda,whitish.actor,available,9.48,54.98,medium,low,7,namecheap,,,24/08/2026 23:06
52101edb-8634-41c8-8183-1c4f2399feea,molding.actor,available,9.48,54.98,high,low,7,namecheap,,,24/09/2026 15:24
9abd960e-2106-4538-a56a-29d43f212634,fortified.actor,available,9.48,54.98,high,low,9,namecheap,,,09/08/2026 00:17
6119e402-eea5-48ae-8808-372a00b7f06e,roasting.actor,available,8.48,35.39,high,low,8,spaceship,,,01/10/2026 21:33
db563762-8449-4ee7-9f96-b782cd0143f8,sexuality.actor,available,8.48,35.39,high,low,9,spaceship,,,28/09/2026 10:54
61aa1937-5ae7-484d-8539-cbf52de462e3,respective.actor,available,10.92,36.6,high,low,10,dynadot,,,30/09/2026 14:27
1e722ba1-50f5-4522-abe8-c92365d664b3,arability.actor,available,16.99,44.49,medium,low,9,namesilo,,,19/09/2026 23:32
37f9dc7a-a3ad-42cf-b132-f109f0ec6412,dished.actor,available,9.48,54.98,medium,low,6,namecheap,,,14/08/2026 10:52
ac1c191e-936d-4e1b-bc89-0934cfdf38ea,bestower.actor,available,16.99,44.49,medium,low,8,namesilo,,,23/09/2026 10:47
28e21a2d-0c88-4d80-a8a0-0ac00c225953,stiffness.actor,available,16.99,44.49,medium,low,9,namesilo,,,03/10/2026 02:11
59b5fd1f-e91b-48ae-a99f-d0eecb0c26ee,zilch.actor,available,9.48,54.98,medium,low,5,namecheap,,,03/09/2026 22:42
805cd347-1c8d-4d7c-9a1a-a17465a6e94f,grazing.actor,available,16.99,44.49,medium,low,7,namesilo,,,29/09/2026 01:08
1b2a8781-87e4-4aff-af5a-e010102ea0ab,reverie.actor,available,9.48,54.98,high,low,7,namecheap,,,17/09/2026 21:59
b9f7e550-13c4-4b48-bbcd-25cb391a6285,mockery.actor,available,9.48,54.98,medium,low,7,namecheap,,,22/08/2026 12:39
a7b68121-9947-4387-a1a3-a44b1045bded,keypress.actor,available,19.99,,medium,low,9,name.com,,,
c0ad593a-d687-479a-852e-8e8bc8c6c017,pacifier.actor,available,16.99,44.49,high,low,8,namesilo,,,21/09/2026 13:07
4b0bad8a-ed7a-4b7c-88cb-3703f3e67dd1,calling.actor,available,16.99,44.49,high,low,7,namesilo,,,24/09/2026 11:48
b44a19b6-4ea1-467f-97d5-34c32baa3756,coldly.actor,available,9.48,54.98,low,low,6,namecheap,,,28/09/2026 14:07
a3146ec0-b6fd-47ab-b952-bd4f02170f9c,abs.actor,available,16.99,44.49,high,low,3,namesilo,,,16/09/2026 17:29
a1162ee7-d60c-4640-8cdc-7a27dba9e6b8,mons.actor,available,34.2,34.2,high,low,4,cloudflare,,,28/09/2026 14:54
1427b6e7-f369-413a-a160-929dd9473022,scholarships.actor,available,9.48,54.98,high,low,12,namecheap,,,30/09/2026 07:48
b4e0b18b-a24d-4ea5-9439-d202c5ce93fd,riskily.actor,available,9.48,54.98,medium,low,7,namecheap,,,15/09/2026 23:50
ef32984d-1c0d-4bb0-9768-f43fa1b41077,zeke.actor,available,10.81,35.53,medium,low,4,porkbun,,,01/10/2026 08:02
1826f35b-79b1-4119-b6ca-77f5512d23cf,abysmal.actor,available,9.48,54.98,medium,low,7,namecheap,,,
10072dfc-4302-4b7a-b7bd-5f35bfa7b4eb,magnum.actor,available,16.99,44.49,high,low,6,namesilo,,,28/09/2026 06:19
64a07035-b3a3-419a-ba84-a6c40ef2366b,astounded.actor,available,16.99,44.49,high,low,9,namesilo,,,22/09/2026 03:42
73d59993-ac57-49c1-85d7-1cc5dc28e21e,bastards.actor,available,16.99,44.49,medium,low,8,namesilo,,,29/09/2026 11:17
a0cc3be2-e59f-43c2-8ef7-42080b1dff10,allgood.actor,available,16.99,44.49,high,low,7,namesilo,,,18/09/2026 10:56
ed41d52f-a413-417d-9a02-fd4613712990,finis.actor,available,9.48,54.98,high,low,5,namecheap,,,12/08/2026 12:06
77c06522-284b-405b-b0d9-6c5d1570535b,recruited.actor,available,16.99,44.49,medium,low,9,namesilo,,,18/09/2026 00:53
ae956f03-c1e4-4f22-917d-14faa25678ed,indigotin.actor,available,9.48,54.98,medium,low,9,namecheap,,,22/08/2026 03:05
e9b52e74-2cba-4dbc-bf9c-dde294417a7f,channels.actor,available,16,,high,low,8,unstoppable,,,29/09/2026 08:04
4d4d6b4c-8ee4-41c2-a23e-2be776feafd2,plea.actor,available,16,,high,low,4,unstoppable,,,28/09/2026 06:36
c144a7f8-3800-45c7-a2ae-1ef6cfa808ae,disasters.actor,available,34.2,34.2,low,low,9,cloudflare,,,29/09/2026 17:40
497c6978-87fd-4523-886f-8ac5bfe346d3,biomedical.actor,available,9.48,54.98,high,low,10,namecheap,,,10/08/2026 02:15
db3f7dc6-aaed-414d-be7f-7e3b3d95d52b,typed.actor,available,9.48,54.98,high,low,5,namecheap,,,17/09/2026 22:44
95fa16e2-6858-461e-8d31-24a7e019642c,montagu.actor,available,16.99,44.49,medium,low,7,namesilo,,,20/09/2026 13:56
0e7b01af-2ee5-44e1-b9f1-192775d2d3c6,cive.actor,available,16.99,44.49,medium,low,4,namesilo,,,18/09/2026 11:31
f1d96ecd-54ea-4a2b-ae82-990831a36787,scenarios.actor,available,16.99,44.49,medium,low,9,namesilo,,,29/09/2026 17:21
8b2ba3ce-1d23-4989-ad24-dbd9e14fc23f,seeing.actor,available,8.48,35.39,high,low,6,spaceship,,,27/09/2026 19:35
cb4682c2-3c97-4e32-9cc7-5c681d7dad5d,vomiting.actor,available,16.99,44.49,high,low,8,namesilo,,,29/09/2026 15:43
e3689084-ec76-45bd-815c-01ddf80971f3,sometimes.actor,available,9.48,54.98,high,low,9,namecheap,,,16/09/2026 04:53
cdfd5864-b9ff-4221-9355-42d6c5217403,mae.actor,available,19.99,58.99,high,low,3,name.com,,,27/09/2026 18:26
1d2c45af-faa1-4c57-ab02-f490e33a28e2,rhenium.actor,available,16.99,44.49,medium,low,7,namesilo,,,20/09/2026 23:48
8cef3cc9-8c49-40c2-9d60-4da88259faf8,makeover.actor,available,8.48,35.39,high,low,9,spaceship,,,02/10/2026 05:42
aa47d663-3442-4bbf-81c0-1d3b7a26dc0a,hickey.actor,available,16.99,44.49,medium,low,6,namesilo,,,02/10/2026 05:14
9f247d05-6d95-4d8f-a0d9-27b3d4b85674,essays.actor,available,34.2,34.2,medium,low,6,cloudflare,,,30/09/2026 06:39
ff937afc-c61c-4128-aa63-c8299ac335b8,puppet.actor,available,16.99,44.49,high,low,6,namesilo,,,28/09/2026 02:20
2a2d9a59-0bc8-48ec-b564-9003ced2ec0e,achievements.actor,available,8.48,35.39,high,low,12,spaceship,,,30/09/2026 06:58
afe8835d-1a81-46a7-9a18-e646b19c176b,gymnastics.actor,available,8.48,35.39,high,low,10,spaceship,,,29/09/2026 01:12
676638d5-82e3-486e-87e1-c13b0fc9f2f3,figuring.actor,available,34.2,34.2,high,low,8,cloudflare,,,29/09/2026 12:20
9bc1ed64-6e5a-44f8-b498-df08495049c0,diplomatic.actor,available,16.99,44.49,high,low,10,namesilo,,,24/09/2026 10:36
e5222acd-7763-45e1-8703-2fce05e7b4a4,hayseed.actor,available,9.48,54.98,medium,low,7,namecheap,,,21/08/2026 08:05
9c7626f7-016c-4394-9453-aece25e110a3,inductive.actor,available,9.48,54.98,medium,low,9,namecheap,,,22/08/2026 03:29
f1237501-17db-4cdc-a1dc-e7ff5fa441fb,smitten.actor,available,9.48,54.98,high,low,7,namecheap,,,16/08/2026 21:16
05680099-c5c6-4ea8-823a-6c6016363156,dispense.actor,available,8.48,35.39,high,low,8,spaceship,,,01/10/2026 04:11
35d7433d-64f2-43b4-842d-86eb711f711d,afterimage.actor,available,9.48,54.98,high,low,10,namecheap,,,17/09/2026 15:42
650964e1-e967-4526-86e0-2d05ca0e7dde,rural.actor,available,9.48,54.98,high,low,5,namecheap,,,08/09/2026 07:52
fc91e7a4-ecd3-4479-b35b-7d44179148cc,vicinity.actor,available,8.48,35.39,high,low,8,spaceship,,,28/09/2026 19:41
c9c2acc6-113f-4596-8220-128f0edf2e10,subtropical.actor,available,8.48,35.39,medium,low,11,spaceship,,,01/10/2026 16:02
5e30feb5-fbec-487f-a08f-915e6191d7c4,goosey.actor,available,9.48,54.98,medium,low,6,namecheap,,,14/08/2026 16:06
cdbd8757-9f66-4c39-90b8-fa1b2499e329,pushchair.actor,available,16.99,44.49,high,low,9,namesilo,,,21/09/2026 13:21
38c5da2f-630b-4756-a5a6-432aef7ece72,clay.actor,available,8.48,35.39,high,low,4,spaceship,,,29/09/2026 05:45
aa59d3ce-a18c-413f-a5ca-c6ec6b1bd233,zhou.actor,available,16.99,44.49,high,low,4,namesilo,,,25/09/2026 22:14
fb44fff1-fb70-4772-b4be-1e3b4dfa3a39,vet.actor,available,9.48,54.98,high,low,3,namecheap,,,13/09/2026 05:01
8dcc7d7d-6fc6-4856-bfc6-76f00ffc2975,emerson.actor,available,16.99,44.49,high,low,7,namesilo,,,29/09/2026 00:47
ab7e127a-d5ab-42de-889e-eea10ed56948,stael.actor,available,16.99,44.49,medium,low,5,namesilo,,,22/09/2026 07:38
d80423bf-4a1f-4c40-8c29-1b2d3ef7a790,fined.actor,available,16.99,44.49,medium,low,5,namesilo,,,30/09/2026 15:19
71bc51d7-df1d-4101-806b-61d686be342a,sperry.actor,available,16.99,44.49,medium,low,6,namesilo,,,29/09/2026 00:47
975430d3-f855-4814-ab8d-1cb47e2668ea,acronymous.actor,available,9.48,54.98,medium,low,10,namecheap,,,
eea570c4-5fca-4e7d-b9ac-be8df1a6abed,rok.actor,available,16.99,44.49,high,low,3,namesilo,,,29/09/2026 08:31
a1368892-010d-44fa-ab3f-daa35b90f89e,arariba.actor,available,9.48,54.98,medium,low,7,namecheap,,,20/09/2026 00:13
71194d06-48ae-447d-946e-7bd486bed8b3,andorran.actor,available,9.48,54.98,medium,low,8,namecheap,,,
0f568ff3-f418-4ec1-a8ea-a6bcb1fcf9ef,subscript.actor,available,9.48,54.98,high,low,9,namecheap,,,11/09/2026 00:43
787e8c75-0c24-4f29-a11d-fcd07a8c4d4b,rock.actor,available,8.48,35.39,high,low,4,spaceship,,,28/09/2026 00:59
3a6756c6-b9fb-4631-ba7b-5089383d29f3,premium.actor,premium,854,854,high,medium,7,namesilo,,,27/09/2026 05:00
4da3235d-ff8f-4ff0-b56f-0d6990a815dc,tandy.actor,available,16,,medium,low,5,unstoppable,,,30/09/2026 10:18
162214bd-9ca7-4b9c-b28b-e096e7f36b17,diffuse.actor,available,9.48,54.98,high,low,7,namecheap,,,14/08/2026 07:02
ad505690-1e99-4023-bb6f-31b985b07998,closely.actor,available,10.92,36.6,medium,low,7,dynadot,,,28/09/2026 14:00
caa77d09-bb03-4e95-baf0-15822308f6a0,backstitch.actor,available,16.99,44.49,medium,low,10,namesilo,,,21/09/2026 16:04
5be6095c-8083-4d9a-9562-5f1987ee9cd6,freehold.actor,available,16.99,44.49,medium,low,8,namesilo,,,02/10/2026 15:19
a0ef65cd-07a7-42a7-b786-76863349494f,pennate.actor,available,9.48,54.98,medium,low,7,namecheap,,,08/09/2026 14:37
38339636-6cde-4746-a34e-c77b16752ebd,armistice.actor,available,16.99,44.49,medium,low,9,namesilo,,,20/09/2026 07:13
01411f7b-5dd1-412f-9687-c79880877d39,communists.actor,available,16,,low,low,10,unstoppable,,,28/09/2026 13:10
fb266ad2-6a4e-4032-a3bf-6b996cee7b19,bight.actor,available,16.99,44.49,medium,low,5,namesilo,,,23/09/2026 15:12
8c459b24-94c5-4c57-95af-c250dadb20c3,worcester.actor,available,10.92,36.6,high,low,9,dynadot,,,01/10/2026 20:10
2e170f4f-3996-4a78-81e0-0e1d050a74a1,cot.actor,available,34.2,34.2,high,low,3,cloudflare,,,29/09/2026 06:09
66ebd56d-6198-455f-b7dc-4c14de8fcede,childly.actor,available,9.48,54.98,medium,low,7,namecheap,,,12/08/2026 05:14
188dbc88-02ce-4617-adf1-2e8e74d15c25,polysemous.actor,available,9.48,54.98,medium,low,10,namecheap,,,08/09/2026 23:31
1707cea2-c733-41f4-a1f4-4aadfd99e087,ungentle.actor,available,9.48,54.98,medium,low,8,namecheap,,,12/09/2026 11:11
65822294-9e65-4b95-a9a9-82e2b044be2a,ergonomics.actor,available,9.48,54.98,high,low,10,namecheap,,,23/09/2026 17:53
5d9a74aa-b402-4287-8a91-b3848eaae857,loafer.actor,available,9.48,54.98,medium,low,6,namecheap,,,14/08/2026 14:12
437afe99-fae2-47fd-a827-92c22ca9d6cf,randoms.actor,available,16.99,44.49,low,low,7,namesilo,,,19/09/2026 22:13
2f2c0d9b-e6a4-4949-9a7c-4e04812e791e,aragonite.actor,available,16.99,44.49,medium,low,9,namesilo,,,19/09/2026 23:43
b4d90e9b-6dd5-4a63-93be-dba2811b9f08,dublin.actor,premium,102.67,102.67,high,low,6,spaceship,,,29/09/2026 18:12
946c91a3-fada-40cf-9421-a9373997f40c,difficult.actor,available,16.99,44.49,high,low,9,namesilo,,,24/09/2026 08:14
cae4df27-6d04-4425-a1e3-0268dde6ce95,plumb.actor,available,9.48,54.98,high,low,5,namecheap,,,12/08/2026 10:05
66691416-6761-4e07-a9a1-7047fa60fed5,negotiation.actor,available,8.48,35.39,high,low,11,spaceship,,,30/09/2026 19:24
2c00b03a-1343-472e-84be-02ce6b5103b6,marston.actor,available,10.81,35.53,medium,low,7,porkbun,,,28/09/2026 16:09
ed4e6dce-1271-48af-854f-2810218e50ac,salon.actor,available,9.48,54.98,high,low,5,namecheap,,,22/09/2026 22:23
47b7b304-f359-4383-86fd-d4544c03fcc4,stylish.actor,available,16.99,44.49,high,low,7,namesilo,,,24/09/2026 17:15
e64e8500-de60-4c52-adb8-37568641e10d,announced.actor,available,16.99,44.49,high,low,9,namesilo,,,22/09/2026 05:10
90d03862-ba24-49e0-aaca-cbb9bc7a2e47,norte.actor,available,16.99,44.49,high,low,5,namesilo,,,27/09/2026 07:02
e88eb7f4-612e-4255-baf0-22970e3096cf,heaps.actor,available,9.48,54.98,high,low,5,namecheap,,,14/09/2026 23:17
632183d3-d6db-47bc-859a-388d288eaccf,rancher.actor,available,16.99,44.49,high,low,7,namesilo,,,02/10/2026 06:11
09f788a7-1137-4843-a6f5-ee6b8bbf60ad,catoptric.actor,available,9.48,54.98,medium,low,9,namecheap,,,11/08/2026 22:12
01d248e5-86d7-4bca-aca3-4968949d514b,biographical.actor,available,16,,high,low,12,unstoppable,,,01/10/2026 05:35
3edf63ae-e5d1-44cd-b75b-3a1a29e6dc61,quote.actor,available,16.99,44.49,high,low,5,namesilo,,,30/09/2026 00:19
5cd6a058-ec29-485e-9be3-f76b658cd6dc,nullity.actor,available,9.48,54.98,medium,low,7,namecheap,,,13/09/2026 06:33
fa98a272-d973-43cd-8f29-a9ba784576f7,qualification.actor,available,16,,high,low,13,unstoppable,,,03/10/2026 01:01
d79534bd-e08e-409f-bf8c-5277b60c69ca,twinkly.actor,available,9.48,54.98,medium,low,7,namecheap,,,09/08/2026 04:13
f5a0b115-bd91-4a85-9114-9ada610f410e,agromania.actor,available,9.48,54.98,medium,low,9,namecheap,,,17/09/2026 19:38
d03c73e8-46ac-4773-b74c-cc8f18c2ce24,banger.actor,available,16.99,44.49,high,low,6,namesilo,,,22/09/2026 01:46
438e0f59-ca7d-486a-bde9-4ad7a411917b,receptors.actor,available,34.2,34.2,medium,low,9,cloudflare,,,01/10/2026 18:02
7a99e014-4b87-4c75-92b9-5f3c7cae042f,treelike.actor,available,9.48,54.98,medium,low,8,namecheap,,,06/08/2026 14:01
f8211bf7-d7db-4520-a31c-454a6a537727,peo.actor,available,16.99,44.49,high,low,3,namesilo,,,03/10/2026 04:05
d9bf6663-10b4-4f92-8dad-603643714f8e,redwood.actor,available,34.2,34.2,high,low,7,cloudflare,,,02/10/2026 06:14
16d83811-d836-4f38-b068-7778aed694a9,navigable.actor,available,9.48,54.98,medium,low,9,namecheap,,,03/09/2026 14:13
703ce701-3aab-403d-bf69-47d334bfc153,liar.actor,available,34.2,34.2,high,low,4,cloudflare,,,27/09/2026 14:44
1a197a63-bf63-4423-8dca-26833fac478c,meticulous.actor,available,9.48,54.98,high,low,10,namecheap,,,24/08/2026 22:04
7a8a2863-cf6d-425f-98a6-0f0b85ba3359,olfactive.actor,available,9.48,54.98,medium,low,9,namecheap,,,04/09/2026 02:13
879425e9-f7fa-4093-96ce-11bb47072792,mad.actor,premium,118.8,118.8,high,medium,3,namesilo,,,23/09/2026 02:06
820535d1-5ad4-4a21-b723-8e7b2e957086,nestled.actor,available,9.48,54.98,high,low,7,namecheap,,,03/09/2026 15:46
956eb721-eb5c-45fc-9134-2e4eaea17cee,stonewalls.actor,available,16.99,44.49,low,low,10,namesilo,,,20/09/2026 14:03
491da480-dc35-4354-9e16-1d170a867aa8,superstition.actor,available,8.48,35.39,medium,low,12,spaceship,,,30/09/2026 14:14
5d4c7bd1-4657-4fe2-996a-9e886a68339d,banked.actor,available,8.48,35.39,medium,low,6,spaceship,,,02/10/2026 22:29
ceb72910-20bf-43f2-a895-313a1a788e77,middlesex.actor,available,16.99,44.49,medium,low,9,namesilo,,,25/09/2026 13:32
a5aedaf9-2945-49b7-87d7-a61a33726af1,august.actor,available,16.99,44.49,high,low,6,namesilo,,,22/09/2026 12:44
6682a6e2-d4cc-4cb6-9f5b-0f81a81af9cc,teaching.actor,available,16.99,44.49,high,low,8,namesilo,,,01/10/2026 22:16
201f435e-75a0-41f4-9481-b56a1772cea4,industries.actor,available,16.99,44.49,medium,low,10,namesilo,,,30/09/2026 14:25
7044e274-6a3f-43cd-82f8-f2717ceecf83,submerged.actor,available,9.48,54.98,medium,low,9,namecheap,,,10/09/2026 23:30
e6843830-c692-4aac-bfb5-c51cfa68da34,servant.actor,available,16.99,44.49,high,low,7,namesilo,,,25/09/2026 06:52
983775f6-9736-456f-9fe8-a8069bf54d9e,evidential.actor,available,9.48,54.98,high,low,10,namecheap,,,17/08/2026 15:02
3bc88f89-c54e-47ca-80a1-499792da24b3,survived.actor,available,19.99,58.99,medium,low,8,name.com,,,19/09/2026 19:18
55737c96-d423-4e68-923f-fccfa20ba2e6,surefooted.actor,available,9.48,54.98,high,low,10,namecheap,,,18/08/2026 10:50
9adc36d3-d007-4fcb-b82d-505807fbb3f1,belinda.actor,available,34.2,34.2,medium,low,7,cloudflare,,,29/09/2026 09:21
edcee196-c634-4e79-8dea-347937b2abda,jung.actor,available,16.99,44.49,high,low,4,namesilo,,,25/09/2026 03:59
d1ae03c0-3797-4635-a8ae-e88bd1035573,psl.actor,available,10.92,36.6,high,low,3,dynadot,,,02/10/2026 07:57
ae82f7e9-8d59-4fcd-b487-676493116bef,chained.actor,available,9.48,54.98,medium,low,7,namecheap,,,12/08/2026 01:23
0fa764c2-7109-4ab2-9f71-7462b541ca18,swedish.actor,premium,118.8,118.8,high,low,7,namesilo,,,11/09/2026 05:29
43e5647f-c72c-46a6-9f60-5dc14cd3bdfd,tashkent.actor,available,9.48,54.98,high,low,8,namecheap,,,24/09/2026 12:32
10e3bc75-edfd-4370-a3ce-17a27152d3ed,mortuary.actor,available,9.48,54.98,medium,low,8,namecheap,,,25/08/2026 06:40
0b99b713-ff54-4ddd-bf9a-a9aff77b2f88,victory.actor,available,16.99,44.49,high,low,7,namesilo,,,25/09/2026 10:56
ca355522-85c3-4f24-b465-bbc47e2a650d,jilin.actor,available,16,,medium,low,5,unstoppable,,,02/10/2026 19:29
01940661-de42-4232-ae92-e60d01064e86,tartu.actor,available,16,,medium,low,5,unstoppable,,,30/09/2026 18:53
8d1b3a9e-f55f-4641-8a81-ea70fd288ca6,congressman.actor,available,10.92,36.6,high,low,11,dynadot,,,28/09/2026 04:59
8821b07d-43f1-496e-a344-fa4d694e6103,ringer.actor,available,16.99,44.49,high,low,6,namesilo,,,23/09/2026 05:42
a7db8b88-fdea-48ac-94e3-356029a26fec,youthfully.actor,available,9.48,54.98,medium,low,10,namecheap,,,16/09/2026 11:49
5c92eb44-723e-48ce-a519-29bec860a019,sheridan.actor,available,16.99,44.49,high,low,8,namesilo,,,25/09/2026 10:21
b7898ca3-a4f5-47f4-9c6e-332444948c49,shines.actor,available,8.48,35.39,medium,low,6,spaceship,,,29/09/2026 17:16
47427ed1-11d1-4fc5-85f8-abd8d650fdda,proposition.actor,available,34.2,34.2,high,low,11,cloudflare,,,28/09/2026 03:24
4aee2b04-2eb9-48e2-b0cc-ec2a2b404850,argosy.actor,available,16.99,44.49,medium,low,6,namesilo,,,20/09/2026 04:43
25cec29d-9659-4f3c-81cf-b8704175bd5c,aqua.actor,available,16.99,44.49,high,medium,4,namesilo,,,19/09/2026 22:48
2ef954e3-9eb1-467e-bde4-19b2f67e73bf,insurer.actor,available,10.81,35.53,high,low,7,porkbun,,,01/10/2026 02:41
ac09259e-ab8f-43e9-9d6d-c98efe043573,exon.actor,available,9.48,54.98,medium,low,4,namecheap,,,30/09/2026 01:04
ca72b20b-4f17-4aae-b2c9-ba4b5d1f2843,launching.actor,available,16.99,44.49,high,low,9,namesilo,,,29/09/2026 00:37
8f5c679e-b80e-4a94-8662-c4ac0c32f1c6,churches.actor,available,16.99,44.49,medium,low,8,namesilo,,,28/09/2026 23:19
511050d4-f2ff-498b-8ea7-c2fa406c5a9c,qualities.actor,available,16.99,44.49,medium,low,9,namesilo,,,28/09/2026 08:30
4ba09347-a1a7-42cd-8aaa-9effd97acb48,chung.actor,available,16.99,44.49,medium,low,5,namesilo,,,28/09/2026 16:45
a069d050-efa6-446d-96bb-fbba28bc8bf9,greenback.actor,available,9.48,54.98,high,low,9,namecheap,,,22/09/2026 02:17
bcb7d26e-99b6-4c41-a697-945ddeabb1e6,uncial.actor,available,9.48,54.98,medium,low,6,namecheap,,,12/09/2026 05:10
a91affbb-314b-4c31-bcb3-ce5a719d8a9d,armature.actor,available,9.48,54.98,medium,low,8,namecheap,,,20/09/2026 06:32
cecf477c-bea5-4092-a01b-542c74a2d330,cathartic.actor,available,9.48,54.98,high,low,9,namecheap,,,05/08/2026 22:20
ed3d55e1-14cd-4563-825c-5793aed8009c,tang.actor,available,16.99,44.49,high,low,4,namesilo,,,24/09/2026 01:32
be346dac-3b81-427d-9d7d-3745734d0531,overhang.actor,available,9.48,54.98,medium,low,8,namecheap,,,09/08/2026 08:28
36c9e5fb-ad15-41e3-ad57-111470377d1a,gaa.actor,available,16.99,44.49,high,low,3,namesilo,,,29/09/2026 08:40
872eac2f-88db-42ca-8560-801082c4f9d5,committees.actor,available,16.99,44.49,medium,low,10,namesilo,,,20/09/2026 09:05
e2290734-b1b7-46ea-b862-6c4071f5b731,mohammed.actor,available,34.2,34.2,high,low,8,cloudflare,,,30/09/2026 17:57
37f283b4-7ccd-4726-aac4-41ce6f851f69,ansi.actor,available,8.48,35.39,medium,low,4,spaceship,,,28/09/2026 11:47
aa130f54-99f7-47ac-97ab-8b50f4aca9d4,leigh.actor,available,19.99,58.99,high,low,5,name.com,,,25/09/2026 08:55
04f73048-d44a-4a70-b8a7-46420222c8b2,calmly.actor,available,9.48,54.98,high,low,6,namecheap,,,14/09/2026 05:04
530fb2c0-69f7-42c9-9640-2405e908726d,nightmares.actor,available,10.92,36.6,low,low,10,dynadot,,,29/09/2026 00:01
e94577b5-7aff-495d-8ef6-dcbfad3f4933,unplayable.actor,available,9.48,54.98,medium,low,10,namecheap,,,12/09/2026 16:54
7cfdff80-d727-49b5-b6b5-7e6e6d1f9fd6,motorcycle.actor,available,10.81,35.53,high,low,10,porkbun,,,30/09/2026 22:56
4d17ada9-944c-44cb-974c-6e12ad08fd50,bader.actor,available,34.2,34.2,high,low,5,cloudflare,,,29/09/2026 21:34
7df1d18c-040a-4a16-9acf-cfd43a0773e6,nickel.actor,available,16.99,44.49,high,low,6,namesilo,,,20/09/2026 22:42
513a282a-c232-4035-886a-29355e4426f4,straight.actor,premium,118.8,118.8,high,low,8,namesilo,,,14/08/2026 08:46
dbab58ca-ee97-4d97-8c92-6c2e8a3df5af,felon.actor,available,9.48,54.98,medium,low,5,namecheap,,,13/08/2026 06:25
fda98a11-8720-463e-82cf-767b82e3cfbd,reacts.actor,available,16,,medium,low,6,unstoppable,,,01/10/2026 18:32
9f8486ab-5279-4203-8257-342daa412ea2,hating.actor,available,8.48,35.39,low,low,6,spaceship,,,02/10/2026 02:47
dac6e089-3976-45fb-adf6-3cd00c953afb,annandale.actor,available,16,,medium,low,9,unstoppable,,,02/10/2026 10:51
5fcc4403-6317-43ae-abc6-d42949cac13f,ceylon.actor,available,16,,high,low,6,unstoppable,,,02/10/2026 14:38
d0d75108-c227-4f15-b138-e81e13bb3164,sprinkle.actor,available,9.48,54.98,high,low,8,namecheap,,,15/09/2026 20:15
33184eb9-da25-4309-b351-d8bbf5358fde,pigeons.actor,available,16.99,44.49,medium,low,7,namesilo,,,20/09/2026 07:08
8ca36ee6-81f5-4c77-8345-736104a42c9f,reward.actor,available,16.99,44.49,high,low,6,namesilo,,,25/09/2026 07:57
8067893c-9547-424a-bd4a-13823bbeea14,assayer.actor,available,16.99,44.49,medium,low,7,namesilo,,,20/09/2026 15:59
23d89dcc-dd3a-41b9-8c48-9727eb873c61,seismic.actor,available,9.48,54.98,high,low,7,namecheap,,,10/09/2026 01:52
9e7e7226-9e4e-4042-bc2e-dcbcbff3d664,asphodel.actor,available,9.48,54.98,medium,low,8,namecheap,,,20/09/2026 15:08
c5d264a4-8722-4c8d-8e48-2e4730279e11,associated.actor,available,16,,medium,low,10,unstoppable,,,28/09/2026 08:17
33656c56-100a-4fc3-be33-fd13f2f98803,inflated.actor,available,9.48,54.98,medium,low,8,namecheap,,,21/08/2026 08:47
1e6e0e29-d86b-4e6c-9a5d-d619180d0d8c,jefferson.actor,available,16.99,44.49,high,low,9,namesilo,,,25/09/2026 23:16
4f91046f-8f00-4c56-8a57-edb0e6ac163f,fiery.actor,available,9.48,54.98,high,low,5,namecheap,,,06/08/2026 16:24
6a289253-a0c5-4449-9cbd-de6144a97272,winn.actor,available,16.99,44.49,high,low,4,namesilo,,,29/09/2026 15:04
32f31bd6-d1c6-48c3-a15b-85ab813bdf13,nexus.actor,available,16.99,44.49,high,medium,5,namesilo,,,02/10/2026 15:58
335a56ab-09e2-4141-b391-f63d75313e5a,vedic.actor,available,9.48,54.98,medium,low,5,namecheap,,,13/09/2026 01:37
99ecc924-52f0-4aff-984a-4191c90145b8,assess.actor,available,10.92,36.6,high,low,6,dynadot,,,30/09/2026 15:16
85818482-9155-469c-bf47-e932864dde1c,breasts.actor,available,19.99,,medium,low,7,name.com,,,
924f0bba-8f2a-4e09-8a38-e14353c31482,keeler.actor,available,16,,medium,low,6,unstoppable,,,03/10/2026 03:59
7784b8b6-cd06-412b-ad4e-4ea52062238d,boyce.actor,available,8.48,35.39,medium,low,5,spaceship,,,28/09/2026 11:42
5d00dbe6-1117-466a-b844-6bf6f6d5d836,embraced.actor,available,16,,medium,low,8,unstoppable,,,29/09/2026 23:57
37c8b7b3-ce1a-4c33-aa6b-e5d09fc667c9,definitely.actor,available,16.99,44.49,high,low,10,namesilo,,,28/09/2026 13:38
407e462e-2162-4d69-a0e4-ef0bec00b3c9,respite.actor,available,9.48,54.98,high,low,7,namecheap,,,16/09/2026 14:06
3711672a-21a9-4dd2-ace2-60265a667971,blessings.actor,available,8.48,35.39,medium,low,9,spaceship,,,28/09/2026 17:50
e5c723fd-235a-48a7-98cd-f77bf8d15bcb,acinic.actor,available,9.48,54.98,medium,low,6,namecheap,,,
7d09c9db-3758-4da2-96aa-9dd3bd1982d7,kildare.actor,available,34.2,34.2,medium,low,7,cloudflare,,,29/09/2026 09:36
6130ec1c-f0a9-4cef-ada5-a3c3ab9aea41,cane.actor,available,34.2,34.2,medium,low,4,cloudflare,,,29/09/2026 06:33
757a0357-b402-48b5-ac03-ad5e5f8dc844,polyploid.actor,available,9.48,54.98,medium,low,9,namecheap,,,08/09/2026 23:29
805984af-e33f-49ed-ba84-9686e3208260,drummond.actor,available,16.99,44.49,medium,low,8,namesilo,,,25/09/2026 15:26
5ddcf45d-a459-48a8-8248-f85377bc938d,supra.actor,available,9.48,54.98,high,low,5,namecheap,,,
dc4f2cf0-753b-4ceb-a0d4-b6fd5a63f2d8,transposed.actor,available,9.48,54.98,medium,low,10,namecheap,,,11/09/2026 18:59
dfafdf51-0242-4d3e-b3d4-383cc283ec10,hallowed.actor,available,9.48,54.98,high,low,8,namecheap,,,20/08/2026 22:52
eefa5ca1-6c0d-4ba1-9ebe-5eae3846938d,advertizer.actor,available,16.99,44.49,medium,low,10,namesilo,,,17/09/2026 08:39
1c595e07-517e-47a8-9350-6f030a1ffb12,minatory.actor,available,9.48,54.98,low,low,8,namecheap,,,24/08/2026 19:58
c2eac091-42b4-409e-9474-9cb70bbe6bdd,roderick.actor,available,34.2,34.2,medium,low,8,cloudflare,,,28/09/2026 07:48
8c26ffb0-c309-4ee1-8e5d-aeac97c06592,factories.actor,available,19.99,58.99,medium,low,9,name.com,,,20/09/2026 05:09
889509fd-28b7-4fc2-8aee-833cecb56ab7,owl.actor,available,9.48,54.98,high,medium,3,namecheap,,,23/09/2026 20:08
5baa7802-701a-41e3-959b-19c99a540b99,bestiary.actor,available,16.99,44.49,high,low,8,namesilo,,,23/09/2026 10:36
4658fbce-a5c8-470b-8321-869e5b3c9b96,hospice.actor,available,8.48,35.39,high,low,7,spaceship,,,01/10/2026 20:00
03daeea6-7c0d-475e-abc3-4c10f4dd8d9f,chiseled.actor,available,9.48,54.98,medium,low,8,namecheap,,,12/08/2026 06:05
fa61a26d-7d87-4431-9bb9-6c3a7ae6bc66,curving.actor,available,9.48,54.98,high,low,7,namecheap,,,13/08/2026 11:49
c356ea7c-9a89-4277-a401-ed27dd6802bc,ration.actor,available,8.48,35.39,high,low,6,spaceship,,,30/09/2026 02:40
6e179d53-5a36-4010-bc0a-b6f8db02fe24,baguet.actor,available,9.48,54.98,medium,low,6,namecheap,,,21/09/2026 18:30
208a0144-bd5c-403b-a792-c6931ae175bb,offroader.actor,available,16.99,44.49,medium,low,10,namesilo,,,18/09/2026 09:00
4c47d898-66fc-4031-8872-6050ec829828,twist.actor,available,34.2,34.2,high,low,5,cloudflare,,,28/09/2026 10:40
814cc6fe-b401-4b3f-877d-b7b4d4ae695b,beach.actor,available,16.99,44.49,high,low,5,namesilo,,,29/09/2026 01:36
b91e5e31-8c6c-4ee9-9cc5-f4c3fe8a3cfe,blueness.actor,available,9.48,54.98,high,low,8,namecheap,,,10/08/2026 15:51
0d6ee355-024f-429a-a9e2-47aeefb99c46,hilda.actor,available,10.92,36.6,medium,low,5,dynadot,,,27/09/2026 19:38
4749e229-6ee2-4f6e-82cd-201464086df2,divorcing.actor,available,9.48,54.98,low,low,9,namecheap,,,17/09/2026 22:37
c39215a4-3b95-4dae-8a39-87c0a611abc4,suddenly.actor,available,19.99,58.99,medium,low,8,name.com,,,13/08/2026 19:19
9c683772-6e90-4bb4-9e17-c8036cda2e8e,shepard.actor,available,16.99,44.49,high,low,7,namesilo,,,18/09/2026 01:40
5b4368e7-449f-4adb-b8a2-fde1c21d3dee,esl.actor,available,16.99,44.49,high,low,3,namesilo,,,29/09/2026 23:53
f988340d-1a65-445b-a1c1-35027bc926cd,confiscated.actor,available,16,,low,low,11,unstoppable,,,29/09/2026 11:03
57cb7cd5-da1a-4417-8bb8-d33e3aad7d76,snowstorm.actor,available,8.48,35.39,high,low,9,spaceship,,,02/10/2026 23:35
2906f51b-4e51-430f-88bd-44d72b1cbad5,shankar.actor,available,8.48,35.39,medium,low,7,spaceship,,,29/09/2026 13:44
55c0bf88-7c12-444d-b9c3-9a94f48ed9c7,deployment.actor,available,16.99,44.49,high,low,10,namesilo,,,29/09/2026 18:37
826dfe73-6b89-4730-bd01-a38d9dd34e71,langton.actor,available,10.92,36.6,medium,low,7,dynadot,,,01/10/2026 11:01
0b9e7506-9394-449d-b98a-4dfbabaebff9,andiron.actor,available,9.48,54.98,medium,low,7,namecheap,,,19/09/2026 04:06
a57b1356-827a-412f-90ee-949c9fd1e903,prune.actor,available,10.81,35.53,high,low,5,porkbun,,,03/10/2026 01:51
5f2ea0a5-3b45-4198-b606-2945012b805e,onrush.actor,available,16.99,44.49,medium,low,6,namesilo,,,21/09/2026 01:07
06217473-5921-40ce-a5b6-396d3ff19684,angevin.actor,available,9.48,54.98,medium,low,7,namecheap,,,19/09/2026 06:06
05eca725-42df-488d-8480-f78724203331,whim.actor,available,16.99,44.49,high,low,4,namesilo,,,24/09/2026 12:39
8c8901f0-e644-4009-935f-e5d44d4d8153,depths.actor,available,16.99,44.49,medium,low,6,namesilo,,,28/09/2026 23:11
64cc205d-8243-47d5-8d9d-3ace834a77b4,illyrian.actor,available,10.92,36.6,medium,low,8,dynadot,,,02/10/2026 05:23
2127dfac-12e4-4ac8-8ce9-5caaab862eac,arbalest.actor,available,9.48,54.98,medium,low,8,namecheap,,,20/09/2026 00:33
cfb96178-e469-4bd9-8111-7f8abec42e99,shipment.actor,available,16.99,44.49,high,low,8,namesilo,,,24/09/2026 12:59
bd40c11f-9f4e-446e-9cf1-7ab715ac89f4,bronson.actor,available,16,,medium,low,7,unstoppable,,,28/09/2026 16:48
10b98452-5e51-4110-b90f-f779a00909d7,antichrist.actor,available,16.99,44.49,medium,low,10,namesilo,,,19/09/2026 14:15
36ead537-4dfe-4cec-9a54-b6690cd56350,camail.actor,available,16.99,44.49,medium,low,6,namesilo,,,21/09/2026 09:01
e7466089-acf3-42f7-a415-8cb69c8b6180,hymn.actor,available,16,,high,low,4,unstoppable,,,29/09/2026 01:20
6dcbe4be-f5a0-4de4-bd5a-86cc42680908,anhinga.actor,available,16.99,44.49,medium,low,7,namesilo,,,19/09/2026 08:18
411e0e2f-5783-4aba-9c1f-1239a0c646bc,chuffed.actor,available,9.48,54.98,medium,low,7,namecheap,,,12/08/2026 07:37
37063770-ae67-425b-aaa9-f48a8db04d7a,bong.actor,available,16.99,44.49,high,low,4,namesilo,,,02/10/2026 04:07
cf4709d2-b742-4de5-afb2-835bb11c60d9,antler.actor,available,16.99,44.49,medium,low,6,namesilo,,,19/09/2026 15:20
cbccfc83-822b-4ff4-9161-1bb5c1cf03a3,mba.actor,available,16.99,44.49,high,low,3,namesilo,,,25/09/2026 09:16
1425cc17-c85a-41f2-a8cc-ab575d7d659d,mpc.actor,available,16,,high,low,3,unstoppable,,,30/09/2026 22:14
5ffc0b3e-ff1f-4641-b654-840ee668d119,therein.actor,available,9.48,54.98,medium,low,7,namecheap,,,15/09/2026 07:03
5754f206-5768-4185-97f3-7e4a7d368100,annaba.actor,available,16.99,44.49,medium,low,6,namesilo,,,19/09/2026 10:03
a09bc331-531d-49db-a3a6-485893a47ef4,compensate.actor,available,16.99,44.49,high,low,10,namesilo,,,27/09/2026 15:05
c5b61d0d-ecbe-4e6b-ae1e-74f9a6e8f7f2,sobeit.actor,available,9.48,54.98,low,low,8,namecheap,,,16/09/2026 13:51
e3323e72-2ba0-4978-897b-db13fe6817db,contagious.actor,available,9.48,54.98,high,low,10,namecheap,,,11/08/2026 21:18
1f9ad98d-d588-4bb5-a956-989f45b54b90,spam.actor,available,8.48,35.39,high,low,4,spaceship,,,30/09/2026 01:08
d3ea2b13-95b7-4ddb-96d1-8fb7ae55a4a1,nostril.actor,available,16.99,44.49,high,low,7,namesilo,,,19/09/2026 12:54
8ed00596-4f2f-44cf-b195-cbd830a76ddf,slipstream.actor,available,19.99,58.99,high,low,10,name.com,,,21/09/2026 16:20
eb937254-821a-4716-a1a3-c605aded167b,summarizing.actor,available,16.99,44.49,medium,low,11,namesilo,,,17/09/2026 10:36
04836199-2034-4807-90ba-8c8f884499c2,ris.actor,available,8.48,35.39,high,low,3,spaceship,,,02/10/2026 19:00
b817acf6-0fb8-475d-b0a0-1896fecf2141,stationary.actor,available,9.48,54.98,high,low,10,namecheap,,,10/09/2026 19:12
f9bdc619-d63f-47ce-82e5-d14b01ebed7b,cwa.actor,available,8.48,35.39,medium,low,3,spaceship,,,29/09/2026 22:10
c7025734-699c-4e60-89c8-36796a611a91,macho.actor,available,9.48,54.98,high,low,5,namecheap,,,11/08/2026 11:31
9fdb7a77-d10e-4b55-8658-ed81488c668f,enumerate.actor,available,9.48,54.98,medium,low,9,namecheap,,,03/09/2026 22:58
91023458-a169-4a1c-bf8c-8cf503f80a44,eulogistic.actor,available,9.48,54.98,medium,low,10,namecheap,,,16/08/2026 23:07
f22a6a38-5a1b-4f93-b90b-5363e14a083b,uncovered.actor,available,9.48,54.98,high,low,9,namecheap,,,12/09/2026 06:20
ba5efde2-dc03-444d-83bf-c69ae17fcbf1,crawler.actor,available,16.99,44.49,high,low,7,namesilo,,,19/09/2026 06:39
cc972e7f-7cd9-4151-b0c8-f3ddb50504f7,optical.actor,available,9.48,54.98,high,low,7,namecheap,,,04/09/2026 00:42
3ff6932d-b86b-4875-a73e-fdc34e85a1a3,roddy.actor,available,34.2,34.2,medium,low,5,cloudflare,,,30/09/2026 20:26
c1fece77-7d8b-4652-94ec-f47133284258,somber.actor,available,9.48,54.98,medium,low,6,namecheap,,,10/09/2026 14:00
1c8cb803-e35b-4ae0-ae07-f6f68d4fd88e,instruction.actor,available,16,,high,low,11,unstoppable,,,02/10/2026 05:30
e2f91c8d-e801-4c50-a35d-25ac4832351b,unspoken.actor,available,9.48,54.98,high,low,8,namecheap,,,03/09/2026 11:51
a0d62701-60d3-4108-85fc-74766f0f6475,spread.actor,available,16,44.49,high,low,6,unstoppable,,,28/09/2026 08:38
c0b55557-b319-498d-a2fe-cc675e09a896,lammas.actor,available,16.99,44.49,medium,low,6,namesilo,,,21/09/2026 03:43
b2c0b99d-1ac3-4b4f-9b08-7473022e8529,overcoat.actor,available,10.92,36.6,high,low,8,dynadot,,,01/10/2026 19:51
d42ad97b-81d7-4bb0-a068-ae9948aaad73,wai.actor,available,34.2,34.2,high,low,3,cloudflare,,,29/09/2026 02:52
0f0e4cd4-4d35-466e-93bb-d764eed17698,ser.actor,available,19.99,75.99,high,low,3,godaddy,,,01/10/2026 00:20
4a240de4-18be-48d9-8f63-8ee3be37f981,confessed.actor,available,16,,medium,low,9,unstoppable,,,28/09/2026 04:56
df8d6fb8-0d4a-4294-9770-6e1fca0cb294,phonologic.actor,available,9.48,54.98,medium,low,10,namecheap,,,08/09/2026 19:14
0fa238b8-eb6d-4078-be68-a3ee3de694a0,gentlemen.actor,available,16.99,44.49,high,low,9,namesilo,,,25/09/2026 17:34
df430a40-57f0-48de-b5d5-c644992c9ea2,hays.actor,available,16.99,44.49,medium,low,4,namesilo,,,20/09/2026 10:51
64fef1f8-c941-4edd-9ccc-dad201ac9ff9,wordplay.actor,available,8.48,35.39,high,low,9,spaceship,,,02/10/2026 15:59
93f948d0-a574-4e7d-9033-4f26ff7932b5,miramar.actor,available,16,,high,low,7,unstoppable,,,02/10/2026 10:58
eaf409fd-8aa0-4d70-b1e3-6c41a66b3cdc,tended.actor,available,16.99,44.49,medium,low,6,namesilo,,,18/09/2026 22:30
dedda5d4-5f97-43b1-aa99-6b12bd0c27e8,reno.actor,available,16.99,44.49,high,low,4,namesilo,,,28/09/2026 06:40
00a90d48-5ffd-4192-8ac9-97ab5e1e8044,blether.actor,available,9.48,54.98,medium,low,7,namecheap,,,24/09/2026 04:49
cfd1ad5e-ae25-43e2-ba74-e5236f552d61,afraid.actor,available,16.99,44.49,high,low,6,namesilo,,,26/09/2026 00:46
eaf90acd-36a4-4235-aa70-47bab0360e1f,unsheathed.actor,available,9.48,54.98,medium,low,10,namecheap,,,12/09/2026 19:47
9edfcb56-b7a2-4851-843c-23d277247d95,quieter.actor,available,34.2,34.2,high,low,7,cloudflare,,,01/10/2026 19:41
df811617-7689-4e24-a7d8-6f302ed4a0a7,apeldoorn.actor,available,16.99,44.49,medium,low,9,namesilo,,,19/09/2026 16:24
ea8ef29e-26f9-44ce-8eeb-b15f05f37ac3,bullitt.actor,available,16.99,44.49,medium,low,7,namesilo,,,02/10/2026 10:47
ca1f2018-3865-47f9-9e0c-8c7df866d216,manuscripts.actor,available,34.2,34.2,high,low,11,cloudflare,,,01/10/2026 13:13
e4a40748-7437-4be6-80ec-b1432ca03c7b,categoric.actor,available,9.48,54.98,medium,low,9,namecheap,,,11/08/2026 21:29
9f48bad4-479b-44a5-93cf-8abaef9db93b,sax.actor,available,16.99,44.49,high,low,3,namesilo,,,17/09/2026 09:36
fbe59101-e7a8-4501-afe7-0bf09072eab0,colon.actor,available,16.99,44.49,high,low,5,namesilo,,,20/09/2026 15:16
30a27736-5e5d-4985-8632-1a9378758b2a,moron.actor,available,9.48,54.98,medium,low,5,namecheap,,,21/08/2026 20:28
016363ea-32a3-48d0-ab01-f79d304e91b8,prove.actor,available,16.99,44.49,high,low,5,namesilo,,,30/09/2026 02:36
efaf01b6-135b-44cc-b82d-7dbfb72b4566,abraham.actor,available,16.99,44.49,high,low,7,namesilo,,,16/09/2026 16:50
080b372b-fb6d-45a0-8485-92aeedc69381,bionics.actor,available,16.99,44.49,high,low,7,namesilo,,,23/09/2026 18:40
28bd7a1f-735f-4a01-920c-e0260b5d5637,disraeli.actor,available,9.48,54.98,medium,low,8,namecheap,,,23/09/2026 08:17
0ca2eb38-aa42-48b5-8080-d5b36f4322f3,shower.actor,available,16.99,44.49,high,low,6,namesilo,,,01/10/2026 15:57
5e98d222-7193-476a-b713-4eb13bcc511c,undoable.actor,available,9.48,54.98,medium,low,8,namecheap,,,11/09/2026 23:41
25354bae-81bb-4b78-80b0-8e4e4cfd8517,hardening.actor,available,16,,medium,low,9,unstoppable,,,03/10/2026 00:23
3024c120-420a-4b9a-b113-4ac4f9234a32,carnivorous.actor,available,16,,medium,low,11,unstoppable,,,03/10/2026 02:44
53b958ad-003b-4ca8-8fa9-672d9c21316e,kemp.actor,available,34.2,34.2,medium,low,4,cloudflare,,,29/09/2026 02:56
bedd0da0-f403-4a5e-b377-84ece2cee507,stillborn.actor,available,9.48,54.98,medium,low,9,namecheap,,,
e121463c-8eb1-4cd3-afcb-c02de9b3c8ae,accounting.actor,available,9.48,54.98,high,low,10,namecheap,,,01/10/2026 17:54
29a98f6d-b3ec-4900-923f-f99d724b5e58,casinos.actor,available,10.92,36.6,high,low,7,dynadot,,,29/09/2026 17:35
f5c8fa07-7022-4407-b579-682920d61802,grassy.actor,available,9.48,54.98,high,low,6,namecheap,,,20/08/2026 18:20
d25d1748-3d7e-48a7-a886-0bdefda67289,cytotoxic.actor,available,19.99,58.99,medium,low,9,name.com,,,13/08/2026 14:44
5ca6cb7c-2542-40c9-97f3-6ba48c84f427,peach.actor,available,9.48,54.98,high,low,5,namecheap,,,22/08/2026 16:45
bd12c018-c630-4039-9032-72e4b1abf1e5,epicure.actor,available,9.48,54.98,high,low,7,namecheap,,,17/08/2026 10:42
9a99d787-f81a-478a-98d3-6a55d27e628a,diametral.actor,available,9.48,54.98,medium,low,9,namecheap,,,14/08/2026 05:54
c5c81a90-9476-4afd-b112-f92cc9a1d1c4,drastic.actor,available,9.48,54.98,high,low,7,namecheap,,,14/08/2026 18:27
c5994c4a-dd9a-4abf-8edf-43ccba1f7fba,contract.actor,available,9.48,54.98,high,low,8,namecheap,,,03/09/2026 13:23
8b3caad8-7860-4d7f-a601-b20bcda83889,deflated.actor,available,9.48,54.98,medium,low,8,namecheap,,,12/08/2026 02:17
2bc8d39b-16b2-4f08-a55f-7e5a79ad838c,wanted.actor,available,16.99,44.49,high,low,6,namesilo,,,23/09/2026 14:03
6fb882d1-5470-46be-a6a3-a1057def9c8d,sean.actor,available,16.99,44.49,high,low,4,namesilo,,,25/09/2026 11:36
5846c72d-eee1-4705-8476-86a650280a16,attracting.actor,available,16.99,44.49,high,low,10,namesilo,,,30/09/2026 06:33
651f5df7-f1c8-4159-b5c1-10353555a0fd,diane.actor,available,9.48,54.98,high,low,5,namecheap,,,25/09/2026 19:09
65913da7-5c59-4761-97c1-b45fb2e772db,apropos.actor,available,9.48,54.98,high,low,7,namecheap,,,06/08/2026 10:00
ff379531-3c07-4388-9e5b-fa5e40c56419,apophasis.actor,available,9.48,54.98,medium,low,9,namecheap,,,19/09/2026 19:01
94d6a7c9-09be-4a27-b6d2-0a79c01a1a2d,ignored.actor,available,9.48,54.98,medium,low,7,namecheap,,,21/08/2026 18:34
586aae72-8d3f-4ffa-ac50-be9a02726cad,ppi.actor,available,10.92,36.6,high,low,3,dynadot,,,01/10/2026 05:12
0155cf2a-0156-4a98-908d-4a219573b3ef,aliquot.actor,available,9.48,54.98,medium,low,7,namecheap,,,
d51ee02b-5c18-48fb-b2ff-d6d6da49ad03,cryogenic.actor,available,9.48,54.98,medium,low,9,namecheap,,,13/08/2026 09:35
10178ccc-d47b-4f17-9b8b-a1edb91c4948,cosmogenic.actor,available,9.48,54.98,medium,low,10,namecheap,,,13/08/2026 03:00
ab15bb78-b24c-4fd9-ab56-011f21a67b96,norma.actor,available,9.48,54.98,high,low,5,namecheap,,,28/09/2026 14:58
3fa872ba-b56e-486a-a6ef-63cd5d77acd9,modishly.actor,available,9.48,54.98,medium,low,8,namecheap,,,15/09/2026 15:15
b259d1e8-2f6e-48e4-9a59-4dd6d82490ad,frans.actor,available,10.92,36.6,medium,low,5,dynadot,,,29/09/2026 10:53
80924923-3cbd-455b-9321-02cb170643e5,scheduling.actor,available,8.48,35.39,high,low,10,spaceship,,,29/09/2026 02:34
3976efd1-be6c-4e62-88df-1032a0ec785f,hone.actor,available,9.48,54.98,high,low,4,namecheap,,,08/09/2026 16:29
12b71e1b-a29c-4a56-a8c2-612da057ee54,highschool.actor,premium,118.8,118.8,high,low,10,namesilo,,,29/09/2026 22:46
6f118946-786a-4a5e-815e-35c8433dff52,desktop.actor,available,16,,high,low,7,unstoppable,,,29/09/2026 14:08
7032f92b-bd0e-4005-bdb3-9e7bb1e06b29,wolfe.actor,available,9.48,54.98,high,low,5,namecheap,,,25/09/2026 10:55
0bf4426d-efdd-4c7a-ac8c-eac20b467549,nervy.actor,available,9.48,54.98,medium,low,5,namecheap,,,11/08/2026 02:28
3259ad18-9043-4d45-94c2-786e651da173,wickedly.actor,available,9.48,54.98,medium,low,8,namecheap,,,14/09/2026 16:40
18f02284-cc40-4781-82c5-3b1731f069df,copesetic.actor,available,9.48,54.98,medium,low,9,namecheap,,,13/08/2026 00:22
e9b81ce1-6380-4464-819c-fd5526a474d6,organisation.actor,available,34.2,34.2,medium,low,12,cloudflare,,,29/09/2026 04:49
af1b1598-f086-464c-a442-a9cfd21e4b54,distinction.actor,available,10.81,35.53,high,low,11,porkbun,,,02/10/2026 21:05
a6ae1fa9-ebd1-42a8-a733-f51711a58e38,caroline.actor,available,9.48,54.98,high,low,8,namecheap,,,11/08/2026 19:29
40dec0db-2f7c-4196-8061-3884f8c3ca2a,carrel.actor,available,16.99,44.49,medium,low,6,namesilo,,,18/09/2026 06:05
33899654-37f6-4d9a-b86c-2bea83e7a710,backflow.actor,available,16.99,44.49,high,low,8,namesilo,,,21/09/2026 15:32
2eea374a-010f-421c-b7b6-a9e7d0e44d0f,lineup.actor,available,8.48,35.39,medium,low,6,spaceship,,,29/09/2026 23:05
f2ce5976-bbfb-4938-8398-56fd2bfa3a44,inherited.actor,available,9.48,54.98,high,low,9,namecheap,,,18/08/2026 21:33
6f82c9db-d323-4eed-bb3a-3d4149ff8c17,malone.actor,available,16.99,44.49,high,low,6,namesilo,,,25/09/2026 05:13
835185d7-deb1-4a0d-8e46-afffedbd3bfd,cantabile.actor,available,9.48,54.98,medium,low,9,namecheap,,,11/08/2026 17:38
55869234-06d6-446c-a81f-732297aa01cb,petersburg.actor,available,16.99,44.49,medium,low,10,namesilo,,,29/09/2026 07:52
159c6637-5271-4ad9-a955-eee0918540ef,boulevard.actor,available,8.48,35.39,medium,low,9,spaceship,,,28/09/2026 18:27
a1c77299-abb0-4592-9776-a62678d8ff59,starved.actor,available,9.48,54.98,medium,low,7,namecheap,,,17/08/2026 13:45
46e49eb2-6882-4915-9e3f-dc11cd8b9b48,cohomology.actor,available,9.48,54.98,medium,low,10,namecheap,,,30/09/2026 15:06
da481b58-30a7-421d-9890-89eb89ccea84,altace.actor,available,16.99,44.49,medium,low,6,namesilo,,,18/09/2026 14:31
3ca9618c-fe60-4a26-928a-77262dee1e9d,banzai.actor,available,16.99,44.49,high,low,6,namesilo,,,22/09/2026 03:19
ccb43dc0-f493-47d7-b9f7-9c21c8fe1301,avowal.actor,available,16.99,44.49,medium,low,6,namesilo,,,17/09/2026 14:26
2228b73b-544e-45bf-af76-da9056843eb9,ailanthus.actor,available,9.48,54.98,medium,low,9,namecheap,,,17/09/2026 21:07
67a26b97-6aad-414c-9d4b-34a9fbd0b131,tissues.actor,available,8.48,35.39,medium,low,7,spaceship,,,29/09/2026 10:39
3de9cc5e-3f14-42dd-b547-2f26bb52047e,domestication.actor,available,16.99,44.49,medium,low,13,namesilo,,,30/09/2026 14:24
f6aacb59-d59d-48d3-ab93-77c2bcf2634a,multilevel.actor,available,9.48,54.98,medium,low,10,namecheap,,,03/09/2026 10:46
25e099b7-8a81-4293-a328-bb8d99dcd2fa,snarl.actor,available,9.48,54.98,medium,low,5,namecheap,,,24/08/2026 16:56
9b57f154-6a71-4676-b4c4-68abeed22bc4,baroque.actor,available,9.48,54.98,high,low,7,namecheap,,,08/08/2026 20:26
f12969dd-3c19-4c7a-bbd9-f469c65330ef,households.actor,available,8.48,35.39,medium,low,10,spaceship,,,02/10/2026 03:00
eabacf9f-2f74-447b-a767-362a3db6e5b8,evermore.actor,available,9.48,54.98,high,low,8,namecheap,,,14/09/2026 16:19
387b09ce-bd69-449c-b863-f2dc1ecd4817,golan.actor,available,34.2,34.2,medium,low,5,cloudflare,,,30/09/2026 01:46
e6d33f58-3bc9-46bf-b237-82fc4b04fdc2,solitude.actor,available,16.99,44.49,high,low,8,namesilo,,,29/09/2026 07:54
8e7adb9b-c0a8-4efe-9a79-94f3658c7278,kitts.actor,available,8.48,35.39,medium,low,5,spaceship,,,29/09/2026 09:58
86fe1710-de50-49f4-9c2c-e6819df1b55f,magdeburg.actor,available,8.48,35.39,medium,low,9,spaceship,,,29/09/2026 09:34
33a65a06-766a-4070-8916-c5da92679fc6,autobiography.actor,available,16,,high,low,13,unstoppable,,,29/09/2026 23:22
f552f4f3-0641-49e4-a85d-879b04d60523,rentable.actor,available,9.48,54.98,high,low,8,namecheap,,,09/09/2026 14:16
c0dfbe73-718b-4020-bd4e-de283eed9119,surrendering.actor,available,8.48,35.39,high,low,12,spaceship,,,02/10/2026 07:29
c6c41157-61ca-456c-bd2a-4470eebd5f0b,rattled.actor,available,9.48,54.98,medium,low,7,namecheap,,,18/08/2026 09:33
d258f1f3-8a4e-44e4-af28-8e2ef5d2ad85,forgery.actor,available,9.48,54.98,medium,low,7,namecheap,,,13/08/2026 03:36
50936853-a455-4fba-ab99-a9492197f35a,dortmund.actor,available,34.2,34.2,medium,low,8,cloudflare,,,29/09/2026 18:41
9cd16c16-8001-49c3-914d-a4b8761c2e64,frome.actor,available,16,,medium,low,5,unstoppable,,,02/10/2026 20:20
5720b88b-f2a5-4609-86c6-f678c86fbe42,shia.actor,available,34.2,34.2,medium,low,4,cloudflare,,,29/09/2026 02:12
7dc78d60-5cee-4dd4-aa50-fb2b9974150f,breathtaking.actor,available,16,,high,low,12,unstoppable,,,01/10/2026 10:31
165d497e-7b6f-4c82-8d32-95c2da0e69f6,woodpecker.actor,available,10.92,36.6,high,low,10,dynadot,,,30/09/2026 10:50
e1e89a80-18c8-460d-ae09-023ced13c13f,sextuple.actor,available,9.48,54.98,medium,low,8,namecheap,,,10/09/2026 05:19
e4d01a5d-7399-48a1-bd1e-02751f0c8111,massacre.actor,available,34.2,34.2,medium,low,8,cloudflare,,,28/09/2026 18:34
fa60c183-2e3f-4060-bfa5-76a5aa35284e,sloshed.actor,available,9.48,54.98,low,low,7,namecheap,,,09/08/2026 15:48
88996f08-a33d-44ab-8248-1353c606cf69,cecilia.actor,available,16.99,44.49,medium,low,7,namesilo,,,26/09/2026 03:37
e5f30cef-0a7f-46aa-8d89-a2c330b433da,lunate.actor,available,9.48,54.98,medium,low,6,namecheap,,,13/08/2026 06:12
0aaa71cf-839b-420f-b0a5-05250a6a99a4,gladiator.actor,available,8.48,35.39,high,low,9,spaceship,,,02/10/2026 05:04
c7fb5478-80b2-405f-af40-dd61a990a854,hush.actor,available,9.48,54.98,high,low,4,namecheap,,,09/09/2026 08:50
8ead302c-2113-4571-b395-50190417828d,noose.actor,available,16.99,44.49,medium,low,5,namesilo,,,03/10/2026 01:41
165e0eeb-e949-4242-9665-7f83d1bea074,lsa.actor,available,34.2,34.2,high,low,3,cloudflare,,,01/10/2026 18:39
e4441722-6e35-45b7-b861-d8ad4ea21559,slurred.actor,available,9.48,54.98,medium,low,7,namecheap,,,10/09/2026 11:42
73931911-f429-4ffc-8f5b-e7933221a8df,reddish.actor,available,16.99,44.49,high,low,7,namesilo,,,19/09/2026 03:49
88cac5e1-768a-4715-ae0a-ab69247f759d,convey.actor,available,16.99,44.49,high,low,6,namesilo,,,29/09/2026 06:20
cb3e00ac-d657-4083-be60-d81465a7527b,enlightenment.actor,available,19.99,,high,low,13,name.com,,,
aacd5243-0d27-44cf-b055-b80470d989d4,wicklow.actor,available,8.48,35.39,medium,low,7,spaceship,,,01/10/2026 23:14
d28350a3-6a72-4557-a70f-5a5840f5f343,mauritian.actor,available,9.48,54.98,medium,low,9,namecheap,,,24/08/2026 17:35
95856ad6-ac76-47d8-a4de-58ba29f2336f,aston.actor,available,9.48,54.98,high,low,5,namecheap,,,28/09/2026 07:29
06fa898b-fa3c-4ac4-88bf-2a4aef1d500f,mimosa.actor,available,9.48,54.98,high,low,6,namecheap,,,16/09/2026 20:07
3d030968-4620-4b83-bd43-5c09f6d7c253,couples.actor,available,11.98,54.98,medium,low,7,namecheap,,,
792b7e65-4c7f-426d-a486-2854a516a974,cognate.actor,available,9.48,54.98,high,low,7,namecheap,,,10/08/2026 15:14
7c139659-3941-4c07-a24a-cc1bd5bfc1e2,megabucks.actor,available,19.99,58.99,high,low,9,name.com,,,23/09/2026 14:11
b7daf1ae-e83a-4b88-9c83-d49b649d35ec,cbi.actor,available,16.99,44.49,high,low,3,namesilo,,,29/09/2026 15:19
185edf1a-93ce-4a9d-b88d-d47dadd01195,steelyard.actor,available,9.48,54.98,medium,low,9,namecheap,,,22/09/2026 19:57
d9abea7f-db1c-49b8-835b-f8805cc63d50,rules.actor,available,8.48,35.39,high,low,5,spaceship,,,03/10/2026 02:08
28f2b929-77cc-4639-bf45-8f2aa7f79492,acquisitions.actor,available,10.92,36.6,medium,low,12,dynadot,,,01/10/2026 18:34
f733d827-5b44-48b7-8c80-5b0d1170a971,vms.actor,available,10.92,36.6,high,low,3,dynadot,,,02/10/2026 20:08
251684ea-7b3d-44d4-9de8-505a4d9969b5,antonym.actor,available,9.48,54.98,medium,low,7,namecheap,,,04/09/2026 16:48
f3c55a8b-22bc-4f3e-83d6-ed94c879d63f,snacks.actor,available,16,,high,low,6,unstoppable,,,30/09/2026 00:03
d00cf684-0ba1-418d-a904-d81b4128a565,bds.actor,available,16.99,44.49,high,low,3,namesilo,,,30/09/2026 05:27
2d847621-938d-4dda-a637-9cc6f15fb113,missional.actor,available,9.48,54.98,medium,low,9,namecheap,,,25/08/2026 01:50
3b573a43-dda3-4b19-a455-6086300603cb,aweigh.actor,available,9.48,54.98,low,low,6,namecheap,,,07/08/2026 14:29
a4ffc665-33aa-4858-bc78-bb5ef916d6c7,beatles.actor,available,16.99,44.49,high,low,7,namesilo,,,22/09/2026 21:43
b294b1ab-0c00-4c25-b5e4-0ced0c2a7d77,michelle.actor,available,16.99,44.49,high,low,8,namesilo,,,25/09/2026 13:16
b4e0fc2f-fa29-4657-8b26-12235adfcbd1,blend.actor,available,9.48,54.98,high,low,5,namecheap,,,24/09/2026 05:37
836df618-6b2f-4fe2-b0cc-de9c0cea6ecc,remediation.actor,available,16.99,44.49,high,low,11,namesilo,,,30/09/2026 23:39
aac708c5-7626-452b-916e-be5011a29d2b,toetoe.actor,available,16.99,44.49,medium,low,6,namesilo,,,20/09/2026 12:22
2149c6c2-f752-4ca3-b646-cc5145086847,practically.actor,available,16.99,44.49,medium,low,11,namesilo,,,25/09/2026 11:39
9e5f1b21-de17-4208-8b58-df7ecf3c0906,are.actor,available,9.48,54.98,high,low,3,namecheap,,,28/09/2026 22:00
5b968f61-18bc-4b4a-a7e4-51ba078ed05c,ade.actor,available,16.99,44.49,high,low,3,namesilo,,,17/09/2026 07:12
e6e2e0cb-85c2-46c4-9c95-7923a7156246,brummell.actor,available,16.99,44.49,medium,low,8,namesilo,,,22/09/2026 22:01
e0ffe147-e16e-461b-8bff-7bc8f60986a6,contrary.actor,available,16.99,44.49,high,low,8,namesilo,,,23/09/2026 22:29
bd91fe95-f7f3-4489-ab10-4e1c5938e5ab,ken.actor,available,16.99,44.49,high,low,3,namesilo,,,30/09/2026 02:05
7d784a28-25a4-48e1-b235-089ae5e02bd5,elizabethtown.actor,available,16,,medium,low,13,unstoppable,,,01/10/2026 12:15
34d663c3-69f6-4c54-b1af-72b48bdfbd7a,rightly.actor,available,9.48,54.98,high,low,7,namecheap,,,15/09/2026 10:16
1a2a3ea8-4fe6-4e95-8d18-e048ff6a93f5,percent.actor,available,8.48,35.39,high,low,7,spaceship,,,02/10/2026 02:16
6eb3f631-bf5d-42c2-aad6-8cc77f8e12f1,confuse.actor,available,16.99,44.49,high,low,7,namesilo,,,30/09/2026 15:38
9fb60169-f410-40e7-a409-568bf8d9b395,pds.actor,available,34.2,34.2,high,low,3,cloudflare,,,01/10/2026 01:00
9fd40cde-7528-4152-b71c-93f540e710b7,holocaust.actor,available,8.48,35.39,medium,low,9,spaceship,,,29/09/2026 06:54
9d7c1e70-d908-4252-a359-7e47fe6af74c,despised.actor,available,9.48,54.98,medium,low,8,namecheap,,,14/08/2026 04:10
13eeb1f0-7052-4cc4-b980-36bb8ca78f8f,crotch.actor,available,16.99,44.49,medium,low,6,namesilo,,,24/09/2026 19:42
6d507720-8bd2-4d5d-a52b-567840660c40,chl.actor,available,16.99,44.49,high,low,3,namesilo,,,30/09/2026 04:21
5ecae1d0-0ca0-4a56-92a9-9f3a8ff13dbb,bagnio.actor,available,9.48,54.98,medium,low,6,namecheap,,,21/09/2026 18:19
0e036cc1-c6e0-465d-8bbe-0db2ce6a3891,emboldened.actor,available,9.48,54.98,high,low,10,namecheap,,,16/08/2026 10:22
dd3a40ff-bf1f-4149-a604-082b4e1986e3,mammary.actor,available,9.48,54.98,medium,low,7,namecheap,,,24/08/2026 14:23
452770fa-d177-4751-b17c-1c15beb8398d,upgrade.actor,available,16.99,44.49,high,low,7,namesilo,,,16/09/2026 22:42
22697248-c4db-4653-b432-8a476a3932ac,jesuits.actor,available,16.99,44.49,medium,low,7,namesilo,,,02/10/2026 13:21
708e30c3-b4b3-4690-b862-c93caea15f9c,promotions.actor,available,9.48,54.98,high,low,10,namecheap,,,02/10/2026 12:57
ffdd7a6f-3272-4be7-b104-ea3c1c55c4ab,bypast.actor,available,9.48,54.98,medium,low,6,namecheap,,,11/08/2026 12:08
847716a5-040c-406e-8c9c-2d1e7cde1252,convict.actor,available,9.48,54.98,high,low,7,namecheap,,,24/09/2026 17:58
34628f82-0ac0-4d45-aa2d-95c1b1cdc791,opaque.actor,available,9.48,54.98,high,low,6,namecheap,,,04/09/2026 15:47
22cd9acb-9caf-4483-9d8c-7d67a25a12b6,flipped.actor,available,16.99,44.49,medium,low,7,namesilo,,,18/09/2026 12:06
62aa00e7-7ab6-4daa-a2d0-2c074a8d5cfe,travers.actor,available,8.48,35.39,medium,low,7,spaceship,,,28/09/2026 16:18
4def4fc1-aef4-4a27-af21-b69f17fee589,untried.actor,available,9.48,54.98,medium,low,7,namecheap,,,12/09/2026 21:15
c7c3e3eb-fe7d-4189-9999-349d219a1e30,rider.actor,available,16.99,44.49,high,low,5,namesilo,,,30/09/2026 06:27
2d0df026-450d-4aa6-b12d-55f4c5c0c9f7,wyeth.actor,available,16.99,44.49,medium,low,5,namesilo,,,19/09/2026 04:48
efa48943-5e72-48ad-94e7-963ad48ae242,tremulous.actor,available,9.48,54.98,medium,low,9,namecheap,,,09/09/2026 07:46
2bedd66d-b985-4489-98a7-e032b1446715,regardless.actor,available,16.99,44.49,high,low,10,namesilo,,,27/09/2026 11:13
5a5fcd7e-ade5-439f-b7df-90f8d21286cd,aquarium.actor,available,16.99,44.49,high,low,8,namesilo,,,19/09/2026 23:02
62cc2fea-a102-42b6-9c40-7be31457a6a6,menstrual.actor,available,9.48,54.98,high,low,9,namecheap,,,11/08/2026 20:59
e9b17d5e-6283-4185-97c4-846dba66ae1e,henan.actor,available,8.48,35.39,medium,low,5,spaceship,,,29/09/2026 15:30
aab701e4-89b3-454d-b72f-49b415eb7924,towards.actor,available,8.48,35.39,high,low,7,spaceship,,,01/10/2026 19:05
f6ab02b1-687e-4b77-b9de-e820649ad6ff,grind.actor,available,9.48,54.98,high,low,5,namecheap,,,08/09/2026 21:20
5fdf43e6-fb5e-471c-b318-1791225d445b,deceptive.actor,available,9.48,54.98,medium,low,9,namecheap,,,13/08/2026 21:16
85462015-f1e6-446f-940d-d7b9453028bb,further.actor,available,16.99,44.49,high,low,7,namesilo,,,24/09/2026 17:03
aad40e15-93d8-4e5c-9e5f-e505077162ed,hunger.actor,available,16.99,44.49,high,low,6,namesilo,,,29/09/2026 23:24
28ed2b70-9858-4b69-8684-34ed2e5ef1e3,appleton.actor,available,9.48,54.98,medium,low,8,namecheap,,,19/09/2026 21:41
0ffc5523-bcae-41a0-b3a6-c7666e4ef21a,backspin.actor,available,16.99,44.49,high,low,8,namesilo,,,21/09/2026 16:02
2ca2769b-07a6-4ce0-a75a-fcc514921dc0,college.actor,premium,36.32,72.57,high,low,7,porkbun,,,29/09/2026 10:16
2a6ac048-de80-439b-bd93-c10e9447c46a,centimeters.actor,available,16,,medium,low,11,unstoppable,,,29/09/2026 17:55
f4a7aec6-5f5a-46e6-8ac7-13d265191cd9,nautical.actor,available,9.48,54.98,high,low,8,namecheap,,,24/08/2026 15:58
2969c7f8-f663-48fc-ae27-d636c001e439,curtin.actor,available,10.92,36.6,medium,low,6,dynadot,,,29/09/2026 09:07
f0d3f33b-7d44-4870-aa37-fd91466f6d2c,erotically.actor,available,9.48,54.98,medium,low,10,namecheap,,,14/09/2026 15:58
756cf9d6-c14c-4179-81e0-c1785157417f,sts.actor,available,8.48,35.39,high,low,3,spaceship,,,28/09/2026 11:46
0690696a-adac-47ad-87b0-a504384febc2,realizes.actor,available,10.92,36.6,medium,low,8,dynadot,,,29/09/2026 05:59
847faca0-162b-4370-8831-707739265cdb,poised.actor,available,9.48,54.98,high,low,6,namecheap,,,17/08/2026 11:38
7d3d759a-8efd-4e7c-84f8-64067cbc7b5f,cordell.actor,available,16,,medium,low,7,unstoppable,,,01/10/2026 12:03
6f4746d0-f815-4476-871b-21bf8fb4bca8,jack.actor,premium,85.8,85.8,high,medium,4,namecheap,,,29/09/2026 14:52
e8b8172b-4931-49f9-b0cb-b91a53127507,pose.actor,available,9.48,54.98,high,low,4,namecheap,,,22/08/2026 21:29
1e24ba54-aacf-4f30-8133-4275e0b8d2f4,detective.actor,available,16,,high,low,9,unstoppable,,,29/09/2026 14:16
a07f68d3-61b5-4763-941a-f754af0a4d93,hindu.actor,available,9.48,54.98,high,low,5,namecheap,,,21/08/2026 09:30
da4ff7ef-3bec-4ab7-88a1-cb99ed1b1363,coaching.actor,available,8.48,35.39,high,low,8,spaceship,,,01/10/2026 18:50
10832c58-49e6-4836-a974-87e32e5d3098,makomako.actor,available,16.99,44.49,medium,low,8,namesilo,,,20/09/2026 05:57
e8373b68-dcdd-4af9-a671-0b316c404034,absently.actor,available,9.48,54.98,medium,low,8,namecheap,,,13/09/2026 16:41
15557dd3-1241-470e-8a17-d44d18199b3d,alexis.actor,available,9.48,54.98,high,low,6,namecheap,,,19/09/2026 02:23
a7d17e2e-70da-4485-b941-81f5cf562361,cleanly.actor,available,9.48,54.98,high,low,7,namecheap,,,12/08/2026 10:21
78a4512d-53a9-4e7d-9aac-cca8be544cc7,bush.actor,available,16.99,44.49,high,low,4,namesilo,,,23/09/2026 11:53
57423b2f-f002-4714-9534-881328a1e8e1,bookkeeping.actor,available,10.92,36.6,high,low,11,dynadot,,,01/10/2026 11:18
51f7c007-c91e-4b54-b842-ce0328eb243f,greenville.actor,available,16.99,44.49,high,low,10,namesilo,,,25/09/2026 06:42
132f7c57-473a-48b1-a4cb-fb5ecc95dcba,rnas.actor,available,34.2,34.2,low,low,4,cloudflare,,,29/09/2026 05:15
119ded7b-0c16-44c1-9be0-87842f88ed08,whipped.actor,available,16,,medium,low,7,unstoppable,,,28/09/2026 21:21
f5780d6a-346a-41f8-8d62-cf3719add419,pitchy.actor,available,9.48,54.98,medium,low,6,namecheap,,,12/08/2026 13:45
a2ee1a65-8d44-4f07-973e-adcc1df1b971,dishonour.actor,available,34.2,34.2,medium,low,9,cloudflare,,,29/09/2026 15:45
33fa2013-93b6-4cac-ba43-c19ebd00e892,patents.actor,available,16,,medium,low,7,unstoppable,,,01/10/2026 00:20
29c932fb-576e-459e-94fb-bb4664ad3ac6,acoustical.actor,available,9.48,54.98,medium,low,10,namecheap,,,
0a028553-533c-4d35-8cd8-015cc50e4abf,awe.actor,available,8.48,35.39,high,low,3,spaceship,,,28/09/2026 23:47
eac841ec-fe7a-47eb-b57c-83cfa06142b1,magazines.actor,premium,85.8,85.8,medium,low,9,namecheap,,,18/09/2026 18:19
12e09951-b0e3-48d4-82e7-1e76bcb9d720,bindable.actor,available,9.48,54.98,medium,low,8,namecheap,,,09/08/2026 23:44
64a82f27-1ab3-4397-baa9-c9558766b2ea,rudderless.actor,available,9.48,54.98,medium,low,10,namecheap,,,
8b2b39ee-9948-4893-8d96-6137496c0a57,astrolabe.actor,available,9.48,54.98,high,low,9,namecheap,,,20/09/2026 17:43
5296ba9c-d8eb-4527-82d6-e29c4b52569e,ropes.actor,available,8.48,35.39,medium,low,5,spaceship,,,02/10/2026 08:28
43641e70-2527-4018-a8e0-edb5e2c4a9ab,gently.actor,available,16.99,44.49,high,low,6,namesilo,,,28/09/2026 14:58
4ea00d2f-7f45-412d-95c9-eb1a94ca77cf,bathing.actor,available,16.99,44.49,high,low,7,namesilo,,,22/09/2026 13:36
d1ae9c97-bb23-48b6-b83c-49dc2c1f86f6,circumstances.actor,available,16.99,44.49,medium,low,13,namesilo,,,27/09/2026 02:27
008dd4c1-81c1-436a-86ca-928aefba819f,longfellow.actor,available,16,,medium,low,10,unstoppable,,,29/09/2026 01:16
73518be7-456f-4d8a-9f85-96809ed70509,anaglyphic.actor,available,9.48,54.98,medium,low,10,namecheap,,,
b967c7f1-9313-492d-83c6-b9c5f2083180,reviving.actor,available,9.48,54.98,high,low,8,namecheap,,,09/09/2026 14:08
6bac29e7-44dc-4e2e-bd06-244b5d169e8a,assault.actor,available,9.48,54.98,medium,low,7,namecheap,,,20/09/2026 15:48
259f84bb-f815-4a91-b04c-ef02b67ea145,warehouse.actor,available,16.99,44.49,high,low,9,namesilo,,,27/09/2026 06:03
84d0fe9b-3a3f-4ba8-9fd3-f1267350495f,hampshire.actor,available,16,,high,low,9,unstoppable,,,29/09/2026 01:13
aaf6dafd-45f7-46bb-bb92-fc7dfc15265e,forman.actor,available,8.48,35.39,medium,low,6,spaceship,,,29/09/2026 09:59
fc8251cf-22fd-4367-b753-06b334f5d247,consequently.actor,available,16.99,44.49,medium,low,12,namesilo,,,29/09/2026 10:11
7fe5f661-c6bf-4aa0-89f4-f7033fba1728,bumpkin.actor,available,9.48,54.98,medium,low,7,namecheap,,,21/08/2026 08:07
caacf4d7-4da0-440f-8a86-68f6a4343e3c,dome.actor,available,16.99,44.49,medium,low,4,namesilo,,,29/09/2026 00:15
183f565d-90e0-4130-939d-cbe43003481c,missionaries.actor,available,16.99,44.49,medium,low,12,namesilo,,,30/09/2026 15:09
272d0218-9f82-4621-b6c9-cde4ee296a1c,furnished.actor,available,9.48,54.98,high,low,9,namecheap,,,18/08/2026 18:50
c57cd6fb-1620-4c70-9fbc-d45113e7fcf9,bihari.actor,available,16.99,44.49,medium,low,6,namesilo,,,23/09/2026 15:31
1ef0b509-782f-4693-9e26-e574a1825a2c,airtight.actor,available,9.48,54.98,high,low,8,namecheap,,,
6a2e2206-e05e-46e6-9cfa-b52f2bf0d9d1,omani.actor,available,9.48,54.98,high,low,5,namecheap,,,04/09/2026 02:24
72e9aac0-9cfd-4533-b1d7-2b248518c241,baking.actor,available,16.99,44.49,high,low,6,namesilo,,,22/09/2026 16:25
9e28d3c7-8be4-43e7-abdf-77af9fbf2f28,bernini.actor,available,16.99,44.49,high,low,7,namesilo,,,23/09/2026 09:56
a0d6b537-2d12-479a-8c4c-45e73fc17643,worry.actor,available,16,,high,low,5,unstoppable,,,29/09/2026 22:21
603b7042-a1f4-4333-9d78-344b8525b588,saloons.actor,available,16.99,44.49,medium,low,7,namesilo,,,19/09/2026 22:32
1b591f41-6a19-4efe-ae74-99cc8410c485,blowing.actor,available,16.99,44.49,medium,low,7,namesilo,,,25/09/2026 00:21
e4ae76b9-40f1-42c3-9b84-778430b40d92,shelling.actor,available,9.48,54.98,medium,low,8,namecheap,,,22/09/2026 08:00
aa524b0c-5311-406e-b47d-640ee7b34c7c,respirator.actor,available,16.99,44.49,medium,low,10,namesilo,,,03/10/2026 00:54
b84f1158-0f1a-4c1a-8b13-b2135818e47a,two.actor,available,8.48,35.39,high,low,3,spaceship,,,01/10/2026 20:17
4e1f576c-c49d-496e-b7aa-4c96d29eb396,vaporous.actor,available,9.48,54.98,medium,low,8,namecheap,,,12/08/2026 14:34
7b43b82f-3744-40c9-80a1-9355afbc30a2,bonkers.actor,available,9.48,54.98,medium,low,7,namecheap,,,06/08/2026 20:40
d0639c70-9812-40a5-92aa-aa4d95eb86f9,friendships.actor,available,16.99,44.49,medium,low,11,namesilo,,,30/09/2026 15:36
b617e15b-b29d-4399-9e21-52df4590e3d8,undeclared.actor,available,9.48,54.98,medium,low,10,namecheap,,,12/09/2026 07:06
cdc03821-9e3b-49c0-afa6-3c52841b9528,stab.actor,available,8.48,35.39,high,low,4,spaceship,,,28/09/2026 02:12
4e580fdc-3445-4d88-a41a-bae03e44464c,keynes.actor,available,16.99,44.49,medium,low,6,namesilo,,,25/09/2026 23:18
8e588e9c-eb84-48bb-8652-74ddb61a80cc,liqueur.actor,available,9.48,54.98,high,low,7,namecheap,,,13/08/2026 01:02
e9e6f5a2-942c-4c0a-aba7-c9afe4bd488e,chamberlin.actor,available,8.48,35.39,high,low,10,spaceship,,,29/09/2026 21:39
1bc3c49c-b01f-48d8-adb7-d25c518ac10f,myths.actor,available,16.99,44.49,medium,low,5,namesilo,,,30/09/2026 00:32
5f38eb07-f929-4acd-8763-8ef0baeedb50,tse.actor,available,16.99,44.49,high,low,3,namesilo,,,29/09/2026 09:12
72feffa6-9ae6-42e1-8777-09afac6e51a1,metastable.actor,available,9.48,54.98,medium,low,10,namecheap,,,24/08/2026 21:47
0a7f8c00-b523-4394-92d5-6e62339594b4,betrayed.actor,available,19.99,58.99,medium,low,8,name.com,,,26/09/2026 03:08
1fe3e944-942d-4cd7-808c-3efa3320eb9d,josiah.actor,available,19.99,58.99,medium,low,6,name.com,,,27/09/2026 01:34
a081cefd-04af-4efb-8a45-46651e408a3f,bracelets.actor,available,16.99,44.49,medium,low,9,namesilo,,,02/10/2026 03:38
7bc87ab8-4b22-4be6-9c1a-43b72c3672c6,ashland.actor,available,16.99,44.49,high,low,7,namesilo,,,27/09/2026 08:14
2873fd5b-5c2f-4f3e-ae73-69a49839f7ca,unfolded.actor,available,8.48,35.39,high,low,8,spaceship,,,02/10/2026 21:56
9c54dc72-df2a-458e-9b67-ef3febc559db,ciliary.actor,available,9.48,54.98,medium,low,7,namecheap,,,12/08/2026 08:04
65df6264-d19d-4013-a3f6-90e04f3c8577,dehydrate.actor,available,9.48,54.98,medium,low,9,namecheap,,,14/08/2026 03:38
d488501d-138e-46e2-b7cd-989763f8b660,credits.actor,available,8.48,35.39,high,low,7,spaceship,,,28/09/2026 13:48
2aa51961-9d1b-4496-9299-ea25aa51839c,bessel.actor,available,16.99,44.49,medium,low,6,namesilo,,,23/09/2026 10:26
7da74cb1-aa4d-44ca-9661-3b2d9f99b03b,lightweight.actor,available,34.2,34.2,medium,low,11,cloudflare,,,02/10/2026 11:26
662c573b-a172-4272-86cf-2a1bc865357f,antoinette.actor,available,34.2,34.2,high,low,10,cloudflare,,,01/10/2026 08:30
ff96be11-c5a0-4640-a014-b66e31305b1f,irvington.actor,available,8.48,35.39,medium,low,9,spaceship,,,02/10/2026 20:28
49535139-8392-4ced-8837-3f7e15a2f184,suv.actor,available,16.99,44.49,high,low,3,namesilo,,,30/09/2026 10:29
2e383740-22de-4c81-b66b-6a825aa44953,cubes.actor,available,16,,medium,low,5,unstoppable,,,30/09/2026 16:21
fb6a19a0-26b5-4183-97d0-db40320366d5,penny.actor,available,34.2,34.2,high,low,5,cloudflare,,,30/09/2026 06:37
aa53d3ca-c2e8-46bf-9499-2f41102d4a7a,positive.actor,available,16.99,44.49,high,low,8,namesilo,,,23/09/2026 14:53
4e1e6633-fbfd-4cd2-aada-fb26deb182bd,recorded.actor,available,16.99,44.49,high,low,8,namesilo,,,27/09/2026 10:58
135a66ef-c628-470c-bf1a-546ff0c6d66e,gutsy.actor,available,9.48,54.98,high,low,5,namecheap,,,20/08/2026 21:14
fa73cb9d-a68b-4e52-a7ee-08fe29d9bbdc,paley.actor,available,16.99,44.49,medium,low,5,namesilo,,,29/09/2026 15:50
165b7a41-b055-481d-b425-3256191d945c,shoreward.actor,available,9.48,54.98,medium,low,9,namecheap,,,22/08/2026 07:00
880b6386-ef2a-4acc-ad2b-1461b7c16a0d,shores.actor,available,16.99,44.49,medium,low,6,namesilo,,,29/09/2026 11:01
d22e9d7a-7f0b-4e83-adc7-33a9c464f50c,yielding.actor,available,9.48,54.98,high,low,8,namecheap,,,13/09/2026 14:36
7e904429-8400-4ba0-8e84-6326066504b7,worms.actor,available,8.48,35.39,medium,low,5,spaceship,,,28/09/2026 03:50
8a1464b3-3a40-4865-8ce5-8fd32eda4358,mirish.actor,available,16.99,44.49,medium,low,6,namesilo,,,16/09/2026 16:36
be952f1f-db1c-422d-89d1-fa3f9f11bf15,aerides.actor,available,19.99,58.99,medium,low,7,name.com,,,17/09/2026 12:51
44c0b168-cf9b-4eec-a093-e246129fe1fa,zesty.actor,available,9.48,54.98,high,low,5,namecheap,,,08/08/2026 20:02
5c354f0b-2a00-4beb-91d9-3b1d9ec056a3,potatoes.actor,available,16.99,44.49,medium,low,8,namesilo,,,27/09/2026 02:12
abb40c85-d8b5-40b7-b12b-f11fb9c5e537,scrapper.actor,available,9.48,54.98,medium,low,8,namecheap,,,09/08/2026 13:35
d4ca7480-a948-4175-836d-db65c8bf71dc,enteric.actor,available,9.48,54.98,medium,low,7,namecheap,,,17/08/2026 09:53
301db039-fab5-4482-9fdf-50617c897591,lordly.actor,available,9.48,54.98,medium,low,6,namecheap,,,07/08/2026 17:05
ff99cf93-63cc-4f66-bae6-7991040f2a03,furs.actor,available,16.99,44.49,medium,low,4,namesilo,,,30/09/2026 23:22
d30ac7a5-dd24-451f-a304-a95e60582380,racy.actor,available,9.48,54.98,high,low,4,namecheap,,,18/08/2026 18:00
a7a0b496-0ccc-4103-9e5e-efc085deb367,purified.actor,available,16,,high,low,8,unstoppable,,,02/10/2026 07:14
238c49ee-0f93-4354-a244-21b2b03834ce,anther.actor,available,9.48,54.98,medium,low,6,namecheap,,,19/09/2026 13:08
a3cf24ce-11fa-462f-ac51-e8de0eb33d21,socket.actor,available,16.99,44.49,high,low,6,namesilo,,,29/09/2026 13:58
c7cdcad6-6a24-43ea-937a-81fda001b4b5,healthy.actor,available,16.99,44.49,high,low,7,namesilo,,,01/10/2026 22:45
2e5768fd-6a2f-41a2-848b-46693ca6d335,anglomania.actor,available,16.99,44.49,medium,low,10,namesilo,,,19/09/2026 06:51
99fcc498-3ad6-47e6-930a-fa2de54e287a,sung.actor,available,34.2,34.2,high,low,4,cloudflare,,,29/09/2026 08:04
0faacce9-160d-4085-a828-df62635ec0d6,silverman.actor,available,34.2,34.2,medium,low,9,cloudflare,,,28/09/2026 12:16
b9cf96a2-7c05-47af-a2c8-2709e8376dea,frothy.actor,available,9.48,54.98,medium,low,6,namecheap,,,11/08/2026 07:22
d534a6b1-9460-4c45-974d-daae53d950b0,modulated.actor,available,9.48,54.98,medium,low,9,namecheap,,,25/08/2026 03:19
e8dce5b9-4663-4860-9ac1-827aafba98ec,pinter.actor,available,16.99,44.49,medium,low,6,namesilo,,,02/10/2026 05:11
e489066b-82f5-4a15-a622-6bfdd575bd04,tower.actor,available,16.99,44.49,high,low,5,namesilo,,,29/09/2026 23:19
8201e689-78ea-471d-bb79-81971649dfaf,rebirth.actor,available,9.48,54.98,high,low,7,namecheap,,,30/09/2026 02:16
3ade444a-2278-4761-8e94-aca6ea2b7760,inception.actor,available,34.2,34.2,high,low,9,cloudflare,,,29/09/2026 23:45
bc21e011-3f13-4378-ad40-5aca18b07bb6,cures.actor,available,9.48,54.98,medium,low,5,namecheap,,,02/10/2026 03:22
b31d54e7-004e-4386-ac64-f9e0efb96efd,biologist.actor,available,9.48,54.98,high,low,9,namecheap,,,23/09/2026 18:26
5bf326cd-364f-499f-8f39-1cf841ef30b5,agrypnia.actor,available,9.48,54.98,medium,low,8,namecheap,,,17/09/2026 20:02
b55ce880-2c75-4b11-adaf-682c0a12ced5,bipartisan.actor,available,9.48,54.98,high,low,10,namecheap,,,10/08/2026 04:32
7e1bbd4e-2d36-49ab-8403-147e51fa49e3,wanting.actor,available,16.99,44.49,high,low,7,namesilo,,,28/09/2026 10:19
50f8531c-8b54-4376-9bf5-9fe7f1549a6d,yank.actor,available,9.48,54.98,high,low,4,namecheap,,,13/09/2026 14:14
3bda058f-ee08-49b7-9a9d-f87bbee46041,fireplace.actor,available,16,,high,low,9,unstoppable,,,28/09/2026 14:11
88fe29b1-38df-49a4-8919-e0504a10fa69,naval.actor,available,9.48,54.98,high,low,5,namecheap,,,03/09/2026 14:07
10f5335a-8b71-468d-a32d-e9e77d8fa3ee,nys.actor,available,16.99,44.49,high,low,3,namesilo,,,29/09/2026 15:44
307524bc-639f-4034-92fb-76d06a2626d8,regard.actor,available,9.48,54.98,high,low,6,namecheap,,,08/09/2026 11:00
69f6d282-efb7-478e-acc9-49d798cc7815,dictation.actor,available,9.48,54.98,high,low,9,namecheap,,,23/09/2026 13:35
191ece27-cddf-4cd6-8e5e-0946de48445d,kale.actor,available,16.99,44.49,high,low,4,namesilo,,,24/09/2026 06:48
804046fe-0710-4f36-a8af-ba22df1c33e0,huh.actor,available,8.48,35.39,high,low,3,spaceship,,,01/10/2026 04:35
33a2e1c1-0593-48d2-bd07-4dcdc8cfdaa6,lingually.actor,available,9.48,54.98,medium,low,9,namecheap,,,15/09/2026 12:28
65a93177-9f3d-47b9-9aaa-e735fb8f5afe,engineering.actor,available,8.48,35.39,high,low,11,spaceship,,,02/10/2026 00:14
1b4461ec-9eb1-446b-870c-5a6a9e75d4f1,roue.actor,available,9.48,54.98,medium,low,4,namecheap,,,09/09/2026 02:53
f609ab70-895e-4c00-8a43-170aee896ee5,undefiled.actor,available,9.48,54.98,medium,low,9,namecheap,,,12/09/2026 06:15
071b0c0d-ada1-42e4-bebe-e127155f91e3,emulator.actor,available,16.99,44.49,medium,low,8,namesilo,,,19/09/2026 16:28
0ad12d82-595b-4ee7-93b7-8539ba508066,warship.actor,available,34.2,34.2,medium,low,7,cloudflare,,,01/10/2026 01:30
6ef9a833-1112-4be7-ad81-e3bf861b49db,cordially.actor,available,9.48,54.98,medium,low,9,namecheap,,,14/09/2026 08:43
5e742bde-ee30-426e-b158-d85d734430d4,viability.actor,available,8.48,35.39,high,low,9,spaceship,,,02/10/2026 17:04
245b8752-6f27-402d-92c5-a557f7986150,religious.actor,available,9.48,54.98,high,low,9,namecheap,,,09/09/2026 13:37
db8231ed-1a93-49ac-9cb3-de6905cd3e64,dissembler.actor,available,9.48,54.98,medium,low,10,namecheap,,,08/09/2026 19:10
39de2b9a-9854-4eec-9aca-b3b4df0f30c7,aedes.actor,available,16.99,44.49,medium,low,5,namesilo,,,17/09/2026 12:09
58de4c60-24f3-4a21-8c24-f3994e96b8de,gent.actor,available,34.2,34.2,medium,low,4,cloudflare,,,02/10/2026 14:23
7b740d28-60fd-4438-9b95-ae81b834f681,complacent.actor,available,9.48,54.98,medium,low,10,namecheap,,,12/08/2026 19:25
ac0f15e2-2e6b-4dff-974d-bbcf6c357d7c,wheedle.actor,available,9.48,54.98,medium,low,7,namecheap,,,24/09/2026 04:07
24e38136-4576-4218-a4cf-6a87d240eea2,nicaea.actor,available,16.99,44.49,medium,low,6,namesilo,,,02/10/2026 04:51
05f7bab6-69d5-451a-9613-b6b306fec22f,sternal.actor,available,9.48,54.98,medium,low,7,namecheap,,,10/09/2026 20:18
93f90511-7f6c-4dba-9f11-97fd7f06adda,berkshires.actor,available,16.99,44.49,medium,low,10,namesilo,,,23/09/2026 09:35
ecd26828-6983-4521-9f61-07d84a2211d0,hydropower.actor,available,16.99,44.49,high,low,10,namesilo,,,29/09/2026 10:23
17ec898d-aee9-45fa-8575-363a91827df7,admire.actor,available,8.48,35.39,high,low,6,spaceship,,,28/09/2026 03:18
9994f10d-f230-4d60-bde1-f0665aced5c6,blade.actor,available,9.48,54.98,high,low,5,namecheap,,,24/09/2026 03:32
2dd68aef-4e72-4841-869a-69c5a99daa77,pomegranates.actor,available,16.99,44.49,medium,low,12,namesilo,,,20/09/2026 01:42
707bc0a4-1784-4846-b7d9-eb9604d32482,cellular.actor,available,9.48,54.98,high,low,8,namecheap,,,11/08/2026 23:32
b90d15f6-089f-4c6c-8e69-b38263923b0b,mosul.actor,available,16,,medium,low,5,unstoppable,,,29/09/2026 19:43
cd06578f-da26-47cd-8a77-a9cea8f34722,upriver.actor,available,9.48,54.98,medium,low,7,namecheap,,,12/09/2026 23:26
887951a5-3eb1-422d-a0f7-96f96170d247,subscriber.actor,available,9.48,54.98,high,low,10,namecheap,,,24/09/2026 17:47
5b6f9b01-7c7d-4856-9f07-ca601efe4acb,period.actor,available,8.48,35.39,high,low,6,spaceship,,,29/09/2026 07:41
53f10545-c3f3-41db-b777-322e52b4b693,turks.actor,available,8.48,35.39,medium,low,5,spaceship,,,29/09/2026 16:41
746b2882-8e86-4644-b822-aee15c32ec14,achy.actor,available,9.48,54.98,medium,low,4,namecheap,,,
9a923722-2110-4d14-ac37-57d28760fdfc,embodiment.actor,available,16.99,44.49,high,low,10,namesilo,,,21/09/2026 08:48
468a205b-9ed6-4300-88f5-5f6274f7440f,epistolary.actor,available,9.48,54.98,high,low,10,namecheap,,,17/08/2026 11:14
c5fabcd5-1cb4-4a64-94b6-bb9445bc5ab3,unsatisfied.actor,available,8.48,35.39,medium,low,11,spaceship,,,02/10/2026 18:08
1c08657a-854a-4920-a0dd-e9f943df795b,homespun.actor,available,9.48,54.98,high,low,8,namecheap,,,13/08/2026 04:23
b45a86a1-bc06-4345-accb-8d378bb4997b,iridescent.actor,available,9.48,54.98,high,low,10,namecheap,,,12/08/2026 03:15
e7f543a1-a18d-4285-91f7-5acb8a0539cc,ocellated.actor,available,9.48,54.98,medium,low,9,namecheap,,,04/09/2026 00:29
ed84832f-0991-408e-893a-aeae01025a9b,flecked.actor,available,9.48,54.98,medium,low,7,namecheap,,,14/08/2026 16:30
e48ff2a4-77df-42b4-8c87-3c125c77c7cb,citified.actor,available,9.48,54.98,medium,low,8,namecheap,,,12/08/2026 08:47
1f3e69db-fdf8-4ede-b34d-2ea8b1638bbe,yunnan.actor,available,16.99,44.49,medium,low,6,namesilo,,,28/09/2026 06:53
c7a36f5b-d835-4e02-b295-a8528a7b6d8b,charabanc.actor,available,16.99,44.49,medium,low,9,namesilo,,,21/09/2026 05:58
4d99ade7-f0d9-4e40-a0d7-0f711837f895,corporations.actor,available,8.48,35.39,medium,low,12,spaceship,,,29/09/2026 11:23
fbaf5447-890b-41eb-81e5-ea6b75aa2ebd,handbill.actor,available,9.48,54.98,medium,low,8,namecheap,,,11/08/2026 05:06
5ce65cc0-9770-4814-bae5-448b5aad374b,georgina.actor,available,10.92,36.6,medium,low,8,dynadot,,,29/09/2026 21:55
961872c0-a1c7-4db2-9353-4579faaa9f14,ams.actor,available,16.99,44.49,high,low,3,namesilo,,,28/09/2026 21:48
fcd9e3bd-7826-4c09-9e32-4521b5639054,billions.actor,available,8.48,35.39,medium,low,8,spaceship,,,29/09/2026 06:04
34804062-f67e-4810-85f3-8f68944bd2e3,tone.actor,available,8.48,35.39,high,low,4,spaceship,,,29/09/2026 19:30
a8ccfbed-7436-45fd-9c3d-51b03e50f35f,snuggled.actor,available,9.48,54.98,medium,low,8,namecheap,,,03/09/2026 15:48
f4a8e75e-743c-4463-b429-2287242cfdd3,hired.actor,available,9.48,54.98,high,low,5,namecheap,,,12/08/2026 02:48
be13d821-e150-4ca2-bf5c-8e64600ae59f,turning.actor,available,9.48,54.98,high,low,7,namecheap,,,26/09/2026 00:27
64196cb7-53b0-47f5-afaa-c68c0eeb7216,nicolaus.actor,available,8.48,35.39,medium,low,8,spaceship,,,02/10/2026 10:17
56ff8946-c4a7-41f3-b912-dbc3738e06a1,hancock.actor,available,9.48,54.98,high,low,7,namecheap,,,25/09/2026 06:51
fecc3532-70ca-47fc-b651-0d596fd936e1,testimony.actor,available,19.99,75.99,high,low,9,godaddy,,,28/09/2026 02:23
a3d021e5-2470-4d3e-b619-982ed40dbe68,doughy.actor,available,9.48,54.98,medium,low,6,namecheap,,,14/08/2026 17:03
1de576e8-e562-4faa-a73b-ca8c82bc4e08,friendless.actor,available,9.48,54.98,medium,low,10,namecheap,,,18/08/2026 15:33
94061234-8c06-44cc-bc9b-b529f1d00e27,swaps.actor,available,16.99,44.49,medium,low,5,namesilo,,,18/09/2026 22:39
0cae66a9-9fdd-4d97-9291-e0d5a62d5e71,mortgage.actor,available,34.2,34.2,high,low,8,cloudflare,,,28/09/2026 06:56
1678ea00-517e-4a19-a72e-c5a751c0bc45,laughable.actor,available,16.99,44.49,high,low,9,namesilo,,,23/09/2026 15:25
f0d38178-8124-4185-b0e1-c1e11ca0e275,sweep.actor,available,16.99,44.49,high,low,5,namesilo,,,24/09/2026 10:48
e05f3e0e-8572-4392-a9d5-717db78ef5f7,brenda.actor,available,16.99,44.49,medium,low,6,namesilo,,,25/09/2026 15:27
68d4566b-f557-4469-b87c-8a7aab8f624f,customary.actor,available,9.48,54.98,high,low,9,namecheap,,,13/08/2026 12:29
ecedb1f1-896a-443a-843c-64bb8111afaa,sacrificed.actor,available,34.2,34.2,low,low,10,cloudflare,,,28/09/2026 17:16
c100eaef-6cae-42b0-9a44-4f6e34acaf96,smoothen.actor,available,9.48,54.98,medium,low,8,namecheap,,,08/09/2026 23:04
fc350217-74c7-4a04-b99d-b330457a532c,chinquapin.actor,available,16.99,44.49,medium,low,10,namesilo,,,18/09/2026 10:57
18741569-334c-4426-88fc-7dfa173a8eee,brabant.actor,available,16.99,44.49,high,low,7,namesilo,,,29/09/2026 08:28
febd8038-c696-4fd3-9253-7521a9a305c9,holmium.actor,available,16.99,44.49,medium,low,7,namesilo,,,20/09/2026 23:31
3cbffb3c-f328-4295-93e1-d1c8a5cfecbb,squawker.actor,available,16.99,44.49,medium,low,8,namesilo,,,23/09/2026 06:50
2c55ffe6-4ec3-4512-bbfb-2423dcf93bc4,violations.actor,available,10.81,35.53,medium,low,10,porkbun,,,29/09/2026 10:53
74442f4d-e239-4a39-8685-7c5cf81b8c18,hundred.actor,available,16.99,44.49,high,low,7,namesilo,,,21/09/2026 11:00
431f5ec2-ac46-473f-8d5f-237a049c266e,beetroot.actor,available,19.99,58.99,high,low,8,name.com,,,23/09/2026 01:58
51b8175a-79e6-4523-8309-a3e45987b1e7,atv.actor,available,16,,high,low,3,unstoppable,,,29/09/2026 21:49
e914c274-8815-4cd0-bd30-176914cbfc68,beaches.actor,available,16.99,44.49,high,low,7,namesilo,,,20/09/2026 07:25
486893bc-228a-46cc-8c26-dd0dad510e64,attacking.actor,available,16.99,44.49,medium,low,9,namesilo,,,27/09/2026 23:17
4c000c71-1b0f-4606-baeb-a1a231142733,woodbridge.actor,available,10.92,36.6,medium,low,10,dynadot,,,28/09/2026 16:49
e487a7bd-50d4-4e55-96c3-586176318067,tanganyika.actor,available,8.48,35.39,medium,low,10,spaceship,,,29/09/2026 07:27
b0eefa6e-a1e5-47fe-b095-cef6f15f3ffd,rams.actor,available,9.48,54.98,high,low,4,namecheap,,,30/09/2026 20:33
ff64e217-2bba-4b6f-a138-d4cf2fd6a616,erosion.actor,available,9.48,54.98,high,low,7,namecheap,,,13/09/2026 09:06
db27f4e5-d2ef-4b18-8b59-0b6e0ee89406,describes.actor,available,8.48,35.39,medium,low,9,spaceship,,,29/09/2026 17:07
8c0614bc-8cda-4586-9f4c-d238382edf09,benches.actor,available,8.48,35.39,medium,low,7,spaceship,,,02/10/2026 03:10
03fc756b-3c21-4809-bc34-c8d3946e9fea,unsuitable.actor,available,9.48,54.98,medium,low,10,namecheap,,,22/08/2026 00:19
26e8fb8e-3081-4f65-8ccc-4b28cc720da5,janie.actor,available,16,,high,low,5,unstoppable,,,01/10/2026 08:49
e859ab04-6d65-4983-9622-707ab74758dd,saddam.actor,available,16.99,44.49,medium,low,6,namesilo,,,25/09/2026 23:11
1f7f324b-9756-4433-af76-cf55588a8f92,uprightly.actor,available,9.48,54.98,medium,low,9,namecheap,,,15/09/2026 01:06
26cd7e3d-844c-41e7-886d-6d367743f66d,berra.actor,available,9.48,54.98,medium,low,5,namecheap,,,23/09/2026 10:04
7638386a-3bc6-4505-b7ed-127ec3eb11f7,advisement.actor,available,16.99,44.49,medium,low,10,namesilo,,,17/09/2026 11:32
b2efa495-2289-4537-962a-c7b0a09da956,stimulation.actor,available,10.81,35.53,high,low,11,porkbun,,,29/09/2026 04:53
c4addce6-fa92-4ec4-8474-6e73cc9256b4,aurochs.actor,available,16.99,44.49,medium,low,7,namesilo,,,21/09/2026 04:34
76aae4bc-6d20-4f08-afa3-5dde80f6370d,routing.actor,available,8.48,35.39,high,low,7,spaceship,,,30/09/2026 19:31
bee4c797-eda3-4ea3-a9cd-8f5aa16d681b,tribunal.actor,available,8.48,35.39,high,low,8,spaceship,,,30/09/2026 01:07
cda56626-9d08-4688-8016-62d070a17dbe,vedanta.actor,available,8.48,35.39,high,low,7,spaceship,,,01/10/2026 04:06
a44a0569-25fe-4d86-b29f-4554a4fca0b6,flags.actor,available,34.2,34.2,high,low,5,cloudflare,,,02/10/2026 07:17
547f2b53-e732-468d-a892-f36fa56926cd,lyman.actor,available,16.99,44.49,medium,low,5,namesilo,,,27/09/2026 08:10
67b5cb1e-b024-4d20-8ffa-1ad617dfa85a,agog.actor,available,9.48,54.98,medium,low,4,namecheap,,,
31569fb5-20d7-42c2-b653-2f2a1ccf6967,consulate.actor,available,16.99,44.49,high,low,9,namesilo,,,24/09/2026 17:37
51b7bf13-2c54-4e6d-9a21-048c7b8f657c,boulders.actor,available,16.99,44.49,medium,low,8,namesilo,,,02/10/2026 21:51
05605894-8b3a-4f1f-8f70-527648161370,bartlett.actor,available,16.99,44.49,high,low,8,namesilo,,,22/09/2026 09:19
48077157-a265-4099-9715-16e89ffba2fc,tumescent.actor,available,9.48,54.98,medium,low,9,namecheap,,,22/08/2026 08:52
50f1144f-f236-4f7c-9c4e-be950468346b,constructing.actor,available,10.81,35.53,high,low,12,porkbun,,,01/10/2026 22:46
786ee51a-cdeb-451b-84e3-e3599305e129,rhodes.actor,available,16.99,44.49,medium,low,6,namesilo,,,28/09/2026 13:40
5e010e21-a328-49ff-8745-9bb3ff0b94ca,wrong.actor,available,16.99,44.49,high,low,5,namesilo,,,25/09/2026 07:41
870167d9-6202-4dc3-9d2a-7912e6c9a02a,rubs.actor,available,16.99,44.49,medium,low,4,namesilo,,,20/09/2026 09:37
c99fd0bc-43f9-4e20-8b05-12fe8680212e,asa.actor,available,16.99,44.49,high,low,3,namesilo,,,25/09/2026 12:30
7cd6d1d9-eddc-4b1d-ad86-9797b2f983a0,choking.actor,available,16.99,44.49,medium,low,7,namesilo,,,24/09/2026 14:44
9fd3a882-a27f-4b86-a2a4-c6868c35c127,sedgwick.actor,available,16.99,44.49,medium,low,8,namesilo,,,28/09/2026 16:41
0d0b5db4-9a25-42ba-871b-f03056067940,troubling.actor,available,9.48,54.98,medium,low,9,namecheap,,,14/08/2026 13:19
e0d3341a-e8db-4c5e-b956-30421dff7fb7,potawatomi.actor,available,8.48,35.39,high,low,10,spaceship,,,02/10/2026 06:06
52e91c43-2334-44fd-80f2-a387a46b3b38,kvetch.actor,available,9.48,54.98,medium,low,6,namecheap,,,08/09/2026 20:36
f9b5bd03-4356-4f10-8b48-20872ff8ce0e,commissioned.actor,available,9.48,54.98,medium,low,12,namecheap,,,29/09/2026 23:15
1f8a1c78-9e58-4bfd-840c-cbc3ef1d6d55,cervical.actor,available,9.48,54.98,high,low,8,namecheap,,,12/08/2026 00:58
dbd97ba7-e0a2-492d-a970-2febbf5ad32c,welcomes.actor,available,16,,medium,low,8,unstoppable,,,02/10/2026 13:23
e63639bd-8932-488d-91f1-515a5164bcf7,multichannel.actor,available,8.48,35.39,high,low,12,spaceship,,,02/10/2026 07:39
dd314b0c-9474-48e1-b7af-d20a93f19e98,attributions.actor,available,16.99,44.49,medium,low,12,namesilo,,,01/10/2026 17:31
a4059e3f-3b45-4a32-8025-738b083ba247,electricians.actor,available,9.48,54.98,medium,low,12,namecheap,,,20/09/2026 20:08
a61dbac8-ee37-4afe-b46d-11f0ccc10487,freetown.actor,available,16.99,44.49,high,low,8,namesilo,,,24/09/2026 12:22
496a30f8-a54f-4924-a767-19593e9a7b4f,cubist.actor,available,9.48,54.98,high,low,6,namecheap,,,13/08/2026 10:03
cf6e8071-4752-42d1-81ed-b78be6d35fef,many.actor,available,19.99,58.99,high,low,4,name.com,,,25/09/2026 16:43
a0fab573-987f-4b6d-b44e-079d42bdd72a,lemon.actor,available,16.99,44.49,high,medium,5,namesilo,,,29/09/2026 09:32
25dd5c9a-c030-438b-b36d-815988ae4d9f,publicized.actor,available,16.99,44.49,high,low,10,namesilo,,,27/09/2026 08:05
403c19ed-6598-4a4f-991d-c99b2c49fdcb,accessary.actor,available,9.48,54.98,medium,low,9,namecheap,,,
f18b92a7-88cf-404a-804c-9a3b6f53fc18,fim.actor,available,8.48,35.39,medium,low,3,spaceship,,,29/09/2026 21:32
10841bc3-6a94-40d2-9bcf-d9e754ddfb49,premise.actor,available,16.99,44.49,high,low,7,namesilo,,,20/09/2026 16:37
c654078c-c005-4af3-ab1a-78ce6440a45c,clawed.actor,available,9.48,54.98,medium,low,6,namecheap,,,12/08/2026 10:02
3a45813e-27a9-45b6-adfb-4ab22f481bac,craniate.actor,available,9.48,54.98,medium,low,8,namecheap,,,13/09/2026 04:37
0681ac29-8b6f-41bd-a859-64585fae5964,drugless.actor,available,9.48,54.98,medium,low,8,namecheap,,,14/08/2026 20:11
a7fc79c9-7bb1-4469-b167-dcdba1053ea0,devotion.actor,available,16,,high,low,8,unstoppable,,,29/09/2026 14:45
c9ef7272-5497-42b6-8592-b4fa1ae63d4c,saliva.actor,available,10.92,36.6,medium,low,6,dynadot,,,29/09/2026 13:54
81908c10-e347-4d8c-9e51-005cb4bd301b,anaerobic.actor,available,9.48,54.98,medium,low,9,namecheap,,,
c59d1eaf-8f42-40b7-a7b7-e6113bf10b12,youngish.actor,available,9.48,54.98,medium,low,8,namecheap,,,13/09/2026 14:49
acec64d9-061e-4716-8cec-9ddfc4d242d2,lighten.actor,available,16.99,44.49,high,low,7,namesilo,,,30/09/2026 16:34
cbddbaa7-23cb-4e56-ab7e-b1e7067e19cc,powys.actor,available,9.48,54.98,medium,low,5,namecheap,,,01/10/2026 20:09
7b0b1b10-2009-49f6-aa02-8089133ada5d,aboriginal.actor,available,9.48,54.98,high,low,10,namecheap,,,
af47ac41-a23b-4414-9159-060fe921bf19,hickory.actor,available,8.48,35.39,high,low,7,spaceship,,,30/09/2026 17:36
12089ac8-d16f-40b4-981e-6f2820bd22f0,chavez.actor,available,16.99,44.49,high,low,6,namesilo,,,28/09/2026 01:29
6be84f7c-83ba-49e1-8e9e-4928f8542521,phillip.actor,available,16.99,44.49,high,low,7,namesilo,,,17/09/2026 13:24
3b755f71-482e-424f-b2e1-e066eb17e166,guarantees.actor,available,16.99,44.49,medium,low,10,namesilo,,,29/09/2026 11:28
f456ed96-0a89-4ae3-aada-c6e5f52510f2,floaty.actor,available,9.48,54.98,high,low,6,namecheap,,,11/08/2026 10:08
629fbbe4-4fe4-45e3-be21-d231baecb810,sumptuous.actor,available,9.48,54.98,high,low,9,namecheap,,,14/08/2026 01:02
dce399cb-226d-44f1-bd53-aafa5f566854,himalaya.actor,available,16,,high,low,8,unstoppable,,,01/10/2026 02:35
5e09fb9e-0c39-4a65-bef5-cf301420d94a,watchfully.actor,available,16.99,44.49,medium,low,10,namesilo,,,16/09/2026 10:58
664d0b0c-9bad-4d96-8b02-d5b9f0bb6484,lizzie.actor,available,8.48,35.39,high,low,6,spaceship,,,28/09/2026 11:45
0208eb02-19b9-49b6-b5c3-ecacc30f7f4d,inhuman.actor,available,9.48,54.98,medium,low,7,namecheap,,,12/08/2026 16:25
2a9572dc-803e-42e7-a532-d1bd8a1aeb1e,skin.actor,available,16,,high,low,4,unstoppable,,,29/09/2026 09:48
af0f61d2-d8fe-4cc8-b035-f010a89aeeac,truant.actor,available,9.48,54.98,high,low,6,namecheap,,,08/08/2026 01:41
75e6371a-fd20-49a9-8e95-63d738319623,murphy.actor,available,16.99,44.49,high,low,6,namesilo,,,25/09/2026 07:49
9523eef8-e5b8-45ea-80a8-a9d35c93b0d8,disputed.actor,available,9.48,54.98,medium,low,8,namecheap,,,14/08/2026 12:12
e041f29f-1e07-4e25-813a-3a8c95eca3ba,govern.actor,available,16,,high,low,6,unstoppable,,,29/09/2026 13:54
ca8b7d28-7548-4655-87c5-94eb4e4de646,reckon.actor,available,8.48,35.39,high,low,6,spaceship,,,30/09/2026 09:37
e0b47671-a774-41a0-ab6c-9c583d36edef,recovering.actor,available,16.99,44.49,high,low,10,namesilo,,,23/09/2026 22:44
cf0e9cb2-a68b-4e47-8de5-9c6f2e0f6e47,diametric.actor,available,9.48,54.98,medium,low,9,namecheap,,,14/08/2026 05:56
d0b00cbd-b721-45b5-8f17-05f02d7a9ee0,permian.actor,available,8.48,35.39,high,low,7,spaceship,,,27/09/2026 15:11
ccbea8c3-8016-440f-a1a2-ce28cdfe37de,duncan.actor,available,9.48,54.98,high,low,6,namecheap,,,25/09/2026 05:02
6c93ff42-3f74-4fe6-a193-4509f38e2ddc,biodefense.actor,available,9.48,54.98,medium,low,10,namecheap,,,23/09/2026 17:48
93f3b757-39e8-40d3-afbe-3ee650dbc732,chas.actor,available,16.99,44.49,medium,low,4,namesilo,,,28/09/2026 21:45
eaf4aed3-db75-4cc7-aa8d-a0ed856478be,hump.actor,available,9.48,54.98,medium,low,4,namecheap,,,24/09/2026 11:03
f11e62e8-dfe9-4f81-a17d-d5ff1536223b,crossbow.actor,available,8.48,35.39,high,low,8,spaceship,,,02/10/2026 14:48
a5f1fb1e-0da8-417c-b723-1d7a28c83655,spacious.actor,available,10.92,36.6,high,low,8,dynadot,,,27/09/2026 16:20
9f13cc2e-081a-428f-a1c9-3916b60e5b13,retained.actor,available,34.2,34.2,high,low,8,cloudflare,,,27/09/2026 13:05
18ab5dec-1df7-4848-9b35-4b4ac416d0b6,chronic.actor,available,9.48,54.98,high,low,7,namecheap,,,12/08/2026 07:24
d3a4e57e-2805-4cd1-a95e-86467642c19e,bivalent.actor,available,9.48,54.98,high,low,8,namecheap,,,10/08/2026 08:58
fd0beef5-3775-4678-a66d-50232c27f1cd,surfers.actor,available,16.99,44.49,medium,low,7,namesilo,,,20/09/2026 02:01
ad120651-9396-4a1f-9f96-2b5f0030b01d,embonpoint.actor,available,9.48,54.98,medium,low,10,namecheap,,,12/08/2026 07:33
34de53dc-6293-4c29-8f08-d98845c650c6,edmondson.actor,available,16,,medium,low,9,unstoppable,,,30/09/2026 13:39
3cb09ef7-3ec4-4267-b58b-727ef9a7a033,spotted.actor,available,9.48,54.98,high,low,7,namecheap,,,10/09/2026 16:39
1b71fba3-ed70-4274-a9c0-dba0d33f8915,copperhead.actor,available,9.48,54.98,medium,low,10,namecheap,,,17/09/2026 18:16
7aee49ef-c2f2-4b6e-8775-abd7717a2506,declan.actor,available,8.48,35.39,high,low,6,spaceship,,,02/10/2026 00:13
ed2bd351-baf2-4286-9196-2b681a7edea4,international.actor,premium,78.54,78.54,high,medium,13,namesilo,,,25/09/2026 11:34
e802aff6-0777-4faa-8842-459acb88108c,nonslip.actor,available,9.48,54.98,medium,low,7,namecheap,,,03/09/2026 20:38
26e22d9f-4e66-4a76-a04c-b7d5ae9bae57,deepest.actor,available,19.99,,medium,low,7,name.com,,,
17eb7260-7702-46b4-945c-8152e83720a2,inspect.actor,available,16.99,44.49,high,low,7,namesilo,,,21/09/2026 03:08
e21cdbe8-e294-4b74-b86d-34e1c894d7ce,margarita.actor,available,10.81,35.53,high,low,9,porkbun,,,01/10/2026 20:28
fe66c6b7-3992-4abf-8cf1-912d95528830,frustration.actor,available,8.48,35.39,medium,low,11,spaceship,,,28/09/2026 17:13
3d420914-d55e-4de8-936f-2961ddfb0cc7,communal.actor,available,8.48,35.39,high,low,8,spaceship,,,30/09/2026 16:12
6c4f406d-cf26-465d-8d76-25fc81457bf5,amok.actor,available,9.48,54.98,high,low,4,namecheap,,,
3d8bb077-c216-43f3-8012-ede162777b11,ungroomed.actor,available,9.48,54.98,low,low,9,namecheap,,,12/09/2026 11:34
093f70a3-b853-440a-b866-c2cf8ce012fc,tool.actor,available,9.48,54.98,high,low,4,namecheap,,,24/09/2026 16:13
98f52428-86ca-4152-9cee-4ec4f26e27dd,demonstrative.actor,available,10.92,36.6,high,low,13,dynadot,,,03/10/2026 03:10
6153d833-18a0-4db6-b2a6-5a0097c6b706,astrocyte.actor,available,9.48,54.98,medium,low,9,namecheap,,,20/09/2026 17:36
d9c5fd62-6a05-4d1f-a42f-89b4b577b4a4,hastings.actor,available,9.48,54.98,high,low,8,namecheap,,,22/09/2026 15:09
045380e2-abf6-4f07-9ec5-111324f4e5a0,yam.actor,available,16,,high,low,3,unstoppable,,,01/10/2026 22:05
bf0807e9-b08e-4457-89ed-4f5b6817f748,technician.actor,available,16.99,44.49,high,low,10,namesilo,,,28/09/2026 15:27
1c8b04b5-937d-4327-adfe-a53323b1ae9b,intercepted.actor,available,9.48,54.98,medium,low,11,namecheap,,,28/09/2026 23:49
da5c6c9e-821f-48e7-95ce-95cc95d0167e,abettal.actor,available,16.99,44.49,medium,low,7,namesilo,,,16/09/2026 15:18
abc8f4e5-2a2b-4567-b5da-b0178348dc67,gradual.actor,available,9.48,54.98,high,low,7,namecheap,,,20/08/2026 17:40
1bde8081-a9ed-4638-8c0c-065774ba8574,uncomfortable.actor,available,16.99,44.49,medium,low,13,namesilo,,,26/09/2026 00:44
bf2fe965-d3aa-48c4-8f53-966c14b325c1,songbirds.actor,available,16.99,44.49,medium,low,9,namesilo,,,21/09/2026 08:44
3f676b89-fdd6-4849-9190-7c9d0367e1c2,botanic.actor,available,9.48,54.98,high,low,7,namecheap,,,10/08/2026 20:46
027a95c8-78c7-4a18-b558-0b886ed88feb,television.actor,premium,78.54,78.54,high,low,10,namesilo,,,01/10/2026 08:09
98c2808c-9089-47e9-91b9-b08874db479d,inflexible.actor,available,9.48,54.98,medium,low,10,namecheap,,,22/08/2026 04:32
6591a934-0dac-4584-9011-9bf29f11bed5,banners.actor,available,8.48,35.39,medium,low,7,spaceship,,,01/10/2026 00:27
b42c0b09-c5bd-4656-b10d-34849224b217,asat.actor,available,9.48,54.98,medium,low,4,namecheap,,,05/08/2026 19:31
542cae9e-8459-4f93-80e1-d102696e801d,investment.actor,available,16.99,44.49,high,low,10,namesilo,,,02/10/2026 08:11
0563b002-2b43-4abe-b3ab-b93ce0e29a66,mitch.actor,available,19.99,58.99,high,low,5,name.com,,,26/09/2026 03:07
6f01dbe7-edc0-4741-81c3-ba8a58b6a536,mired.actor,available,9.48,54.98,medium,low,5,namecheap,,,25/08/2026 01:04
cff934ea-bfd1-4f28-9052-6812c941f478,cognizant.actor,available,9.48,54.98,high,low,9,namecheap,,,08/08/2026 00:13
d543b9a5-d768-4ea6-9ba7-c425f74db8e4,fictional.actor,available,9.48,54.98,high,low,9,namecheap,,,17/08/2026 20:18
3e78ba63-49a1-4f64-a60e-f1e0006217b0,rockville.actor,available,16.99,44.49,medium,low,9,namesilo,,,28/09/2026 16:09
6631d9e6-001d-40dc-b386-8101eb37584b,auxetic.actor,available,9.48,54.98,medium,low,7,namecheap,,,07/08/2026 21:28
4375f300-c9ce-424f-a0ab-13c5eaaa0030,palestinians.actor,available,8.48,35.39,medium,low,12,spaceship,,,02/10/2026 13:19
0c771e2c-e14b-4ed7-af2b-d5a8b1d26e75,stopped.actor,available,8.48,35.39,high,low,7,spaceship,,,28/09/2026 01:05
7bb64d42-87da-4fde-88aa-813b436fb5c9,achromic.actor,available,9.48,54.98,medium,low,8,namecheap,,,
b865ddae-fb08-4e75-8362-c28a6c4d4e44,spoken.actor,available,34.2,34.2,high,low,6,cloudflare,,,28/09/2026 00:14
526bde6c-9b78-48f7-8a92-0d175861cc82,untrue.actor,available,16.99,44.49,medium,low,6,namesilo,,,26/09/2026 03:18
0647a8f2-cf20-4fad-aa91-006210dac2ed,possibly.actor,available,8.48,35.39,medium,low,8,spaceship,,,28/09/2026 16:14
bc57222c-57f3-4cfd-9b8d-22d3d1d9e917,praised.actor,available,8.48,35.39,medium,low,7,spaceship,,,29/09/2026 16:38
03feeb22-e8ff-465c-91b6-8053e4c0e487,firstly.actor,available,16.99,44.49,medium,low,7,namesilo,,,24/09/2026 18:41
0f923969-28f2-44f4-a8b9-bc87e7aca8b1,res.actor,available,8.48,35.39,high,low,3,spaceship,,,01/10/2026 21:31
c987a11b-812d-4bd1-9812-e85e175a81d2,socialist.actor,available,9.48,54.98,high,low,9,namecheap,,,10/09/2026 13:19
bbd4294f-b767-41a1-ad9b-f7a8c5a04fb8,welshman.actor,available,9.48,54.98,medium,low,8,namecheap,,,13/09/2026 10:44
198f2539-139d-4a29-81bb-b3b414d26ccc,linnaeus.actor,available,16.99,44.49,medium,low,8,namesilo,,,28/09/2026 05:24
a6f90003-35b7-405c-8a00-81380b3a044b,flattery.actor,available,34.2,34.2,medium,low,8,cloudflare,,,02/10/2026 04:53
3f1a990f-245a-458a-9fc0-ecd4db9cc44f,tectonic.actor,available,9.48,54.98,medium,low,8,namecheap,,,06/08/2026 15:47
eca0a859-b114-4cb1-ae39-c1738168555f,acquittal.actor,available,16.99,44.49,high,low,9,namesilo,,,17/09/2026 02:42
cad46f31-3a82-45b9-9227-c326d2cddd01,mendoza.actor,available,16.99,44.49,medium,low,7,namesilo,,,27/09/2026 07:53